open_time,open,high,low,close,volume,close_time,quote_volume,count,taker_buy_volume,taker_buy_quote_volume,ignore
1719792000000,62766.10,62935.20,62562.00,62924.60,7156.801,1719795599999,449009096.50570,95758,3512.698,220405889.95280,0
1719795600000,62924.70,63730.00,62881.30,63631.90,24879.788,1719799199999,1578299216.29740,232143,14408.211,913904798.77870,0
1719799200000,63631.90,63800.00,63147.90,63427.10,13444.511,1719802799999,854005312.49570,160530,6028.887,383071620.93990,0
1719802800000,63427.10,63510.00,63316.90,63416.40,4272.640,1719806399999,270990273.56960,63006,2208.701,140095693.96420,0
1719806400000,63416.50,63453.70,63200.00,63262.90,4254.646,1719809999999,269317335.78740,57742,1924.251,121804289.07650,0
1719810000000,63263.00,63440.00,63243.60,63410.40,3047.300,1719813599999,193090652.40430,43749,1760.379,111535839.07510,0
1719813600000,63410.50,63440.60,63267.50,63381.70,2982.460,1719817199999,188960607.54560,41621,1447.551,91721081.72860,0
1719817200000,63381.70,63419.10,63232.20,63265.50,3276.474,1719820799999,207468969.81330,45920,1696.935,107453912.76970,0
1719820800000,63265.50,63302.70,62819.00,62910.00,10811.923,1719824399999,681303043.26760,119772,4760.433,299944811.04520,0
1719824400000,62910.10,62988.00,62761.30,62920.20,5165.106,1719827999999,324781618.01990,70572,2626.595,165172485.33060,0
1719828000000,62920.30,62970.00,62763.00,62841.90,3958.143,1719831599999,248877435.47530,50589,2055.779,129275726.98440,0
1719831600000,62841.90,62853.80,62580.00,62657.90,6504.230,1719835199999,407833798.63180,82020,3011.994,188873555.76680,0
1719835200000,62657.90,62890.00,62633.00,62868.40,6365.272,1719838799999,399566285.17450,78753,3657.209,229567622.64530,0
1719838800000,62868.30,63074.50,62502.20,62676.00,15417.350,1719842399999,967696671.69380,155892,8449.546,530378489.76560,0
1719842400000,62676.00,62935.60,62597.40,62809.60,9366.272,1719845999999,588044092.99130,119428,4815.242,302332206.00130,0
1719846000000,62809.70,63182.50,62802.80,63119.90,8970.912,1719849599999,564945573.10420,95749,4789.607,301703964.75110,0
1719849600000,63120.00,63344.20,62947.40,63105.20,10528.568,1719853199999,665183912.96550,113769,5097.047,322109629.85450,0
1719853200000,63105.20,63687.90,63040.00,63683.50,12267.834,1719856799999,778137567.92470,130366,7176.388,455231832.69810,0
1719856800000,63683.60,63849.00,63412.50,63640.00,13066.252,1719860399999,831341000.53120,136488,6056.273,385406334.65170,0
1719860400000,63640.00,63640.10,63047.20,63207.60,10574.268,1719863999999,669288239.51000,109933,4846.415,306720610.35410,0
1719864000000,63207.20,63421.60,63144.10,63274.90,4621.806,1719867599999,292565185.61690,49452,2469.476,156314301.41530,0
1719867600000,63275.00,63275.00,63010.20,63113.60,3330.018,1719871199999,210232055.07700,41696,1441.017,90970178.01990,0
1719871200000,63113.60,63147.40,62780.00,62961.70,6827.712,1719874799999,429670668.19390,74335,3270.886,205831362.16020,0
1719874800000,62961.60,63027.90,62811.00,62883.60,2847.652,1719878399999,179151025.95350,36873,1345.110,84627235.94020,0
1719878400000,62883.70,62975.30,62765.70,62912.70,3947.555,1719881999999,248277449.24050,54746,2024.647,127342349.06940,0
1719882000000,62912.70,62955.70,62796.80,62914.60,2556.549,1719885599999,160756825.09670,35867,1250.811,78658829.71710,0
1719885600000,62914.60,63107.30,62902.20,62983.80,3749.518,1719889199999,236240238.10120,49808,2031.947,128022839.64260,0
1719889200000,62983.90,63284.00,62975.00,63115.70,4049.203,1719892799999,255714615.20330,53619,2301.393,145339395.58770,0
1719892800000,63118.00,63227.00,63017.40,63018.50,2686.368,1719896399999,169561382.83520,40519,1273.930,80415697.89490,0
1719896400000,63018.60,63085.70,62974.50,63010.20,2414.067,1719899999999,152127432.36780,29643,1118.625,70495108.72020,0
1719900000000,63010.20,63037.70,62818.00,62859.40,4719.006,1719903599999,296784313.71030,55845,2262.474,142288969.03200,0
1719903600000,62859.40,62864.60,62566.00,62617.90,9244.392,1719907199999,579392746.55930,86055,4545.753,284890925.35600,0
1719907200000,62617.90,62750.00,62387.00,62666.10,11044.433,1719910799999,691399422.10220,101403,5713.111,357715513.48840,0
1719910800000,62666.10,62791.10,62622.00,62651.80,4702.755,1719914399999,294803789.65200,59528,2627.917,164736271.19020,0
1719914400000,62651.80,62793.00,62500.00,62715.60,6307.609,1719917999999,395210583.97490,63999,3150.095,197400078.73160,0
1719918000000,62715.50,62861.10,62615.10,62823.30,4418.429,1719921599999,277361956.50900,49475,2349.630,147503347.66280,0
1719921600000,62823.30,63050.00,62711.60,62871.90,6782.057,1719925199999,426544253.98620,72852,3694.233,232360293.65960,0
1719925200000,62871.90,63167.40,62500.00,62625.30,13871.028,1719928799999,871660055.39300,146972,6234.386,391842355.78210,0
1719928800000,62625.30,62728.00,61880.00,62032.70,33273.188,1719932399999,2070523947.87020,291647,15515.134,965793613.00740,0
1719932400000,62032.60,62148.70,61840.00,61945.00,9763.217,1719935999999,605511748.81260,115008,4802.163,297859006.38930,0
1719936000000,61945.00,62024.70,61800.00,61922.80,9564.832,1719939599999,592024147.07510,97318,5048.401,312506651.69560,0
1719939600000,61922.80,62160.90,61881.10,62144.20,4785.287,1719943199999,296798423.98270,58019,2770.779,171879123.87870,0
1719943200000,62144.20,62361.20,62133.80,62313.90,7754.033,1719946799999,482908586.19400,73811,3850.245,239767645.54330,0
1719946800000,62313.80,62362.80,61880.90,61944.00,7226.780,1719950399999,448677666.88110,84878,3402.584,211224360.92550,0
1719950400000,61944.00,62085.20,61870.80,62006.30,2809.409,1719953999999,174190965.73490,39507,1425.740,88403983.81710,0
1719954000000,62006.20,62094.00,61901.10,61952.60,2843.683,1719957599999,176332563.66240,38800,1485.745,92135965.35460,0
1719957600000,61952.60,62117.20,61951.00,62084.50,2174.989,1719961199999,134916491.78150,30105,1169.612,72551027.46500,0
1719961200000,62084.60,62176.40,62065.50,62123.60,2412.856,1719964799999,149889045.57940,34663,1131.877,70313233.30510,0
1719964800000,62123.50,62278.20,62075.80,62075.90,3362.731,1719968399999,209157026.94910,43696,1539.921,95782621.95780,0
1719968400000,62075.80,62215.30,61035.00,61617.90,17364.263,1719971999999,1071287145.69150,170602,7289.810,450143870.77090,0
1719972000000,61617.90,61618.30,61228.50,61357.00,13120.069,1719975599999,806157961.08020,136858,6164.909,378859265.41300,0
1719975600000,61357.10,61365.40,60600.00,60983.50,21728.334,1719979199999,1324224152.49830,200341,9730.694,593012369.83780,0
1719979200000,60983.40,60983.50,60802.00,60867.60,6354.359,1719982799999,386885873.97830,62307,2821.032,171767965.88860,0
1719982800000,60867.50,61117.70,60840.60,61114.00,6517.852,1719986399999,397448531.03400,60895,3964.343,241741440.70450,0
1719986400000,61115.00,61179.40,60971.60,61004.10,5367.251,1719989999999,327821641.82390,57688,2282.800,139440667.57450,0
1719990000000,61004.10,61024.50,60832.90,60859.90,4945.691,1719993599999,301364822.40300,54842,2590.432,157851791.56460,0
1719993600000,60859.80,60987.30,60300.00,60496.10,15545.105,1719997199999,944388604.05450,150907,6965.105,423389582.40340,0
1719997200000,60496.10,60678.90,60312.20,60601.10,12427.613,1720000799999,752649463.24790,123672,6689.322,405154554.87750,0
1720000800000,60601.20,60620.50,59515.10,60379.80,39976.937,1720004399999,2403767189.08520,339911,18575.403,1117015962.59680,0
1720004400000,60379.90,60486.00,60108.00,60384.90,13075.461,1720007999999,788451895.14760,132986,6652.173,401191325.16380,0
1720008000000,60384.90,60390.40,59905.60,60032.30,15454.613,1720011599999,929282048.56440,160208,7607.309,457540332.48820,0
1720011600000,60032.30,60635.00,59756.50,60589.10,21332.694,1720015199999,1285588048.57940,198568,11127.295,670667710.34700,0
1720015200000,60589.10,60700.00,60257.20,60286.80,12066.432,1720018799999,729396458.63960,115404,5468.418,330612629.85430,0
1720018800000,60286.80,60448.00,59950.00,60176.10,17475.612,1720022399999,1051901989.99570,147534,7974.375,480126072.95340,0
1720022400000,60176.10,60653.00,60084.60,60495.80,12301.064,1720025999999,743390783.04490,118546,6454.061,390086376.03220,0
1720026000000,60495.80,60518.50,60189.50,60372.30,5351.870,1720029599999,323103898.07910,65967,2430.854,146736280.01580,0
1720029600000,60372.30,60443.70,60230.50,60246.70,4007.134,1720033199999,241808999.62030,57017,1895.569,114407347.20330,0
1720033200000,60246.70,60246.70,59645.60,59661.20,16744.201,1720036799999,1003842425.05020,168546,7586.001,454827912.90420,0
1720036800000,59661.20,59872.60,59555.00,59595.90,10540.932,1720040399999,629615233.99540,105920,5209.037,311209031.73670,0
1720040400000,59595.90,60339.90,59299.30,60235.50,13497.083,1720043999999,807251874.67390,144112,7199.008,430859049.71960,0
1720044000000,60235.50,60359.80,60118.10,60311.10,3878.909,1720047599999,233699833.78840,52776,1812.994,109234636.72050,0
1720047600000,60311.20,60361.70,60194.00,60208.00,2867.055,1720051199999,172858470.98880,38672,1265.856,76327427.70090,0
1720051200000,60208.00,60475.00,60207.90,60417.90,5961.455,1720054799999,359873412.54000,64439,2982.012,180013387.94380,0
1720054800000,60417.80,60500.00,58388.00,58561.70,47639.050,1720058399999,2825951546.30250,446468,20095.679,1192586354.81420,0
1720058400000,58561.70,59092.60,57611.00,58953.70,37960.305,1720061999999,2221288277.41680,365011,17679.920,1035098708.56880,0
1720062000000,58953.60,59138.30,58826.90,59092.40,7715.275,1720065599999,454942126.00880,85793,3615.095,213229174.72740,0
1720065600000,59092.40,59131.70,58702.30,58953.10,8494.342,1720069199999,500372822.40160,92226,3798.999,223789726.34270,0
1720069200000,58953.20,59026.50,58848.50,58885.40,5240.154,1720072799999,308728102.12790,67512,2456.827,144752959.69340,0
1720072800000,58885.40,59073.30,58515.30,58780.00,12908.302,1720076399999,759002342.39980,139831,6323.570,371874206.80720,0
1720076400000,58780.00,58844.70,58086.40,58214.00,19588.390,1720079999999,1145274763.82690,194586,8954.539,523675022.10000,0
1720080000000,58214.00,58484.50,57000.00,57674.10,38075.231,1720083599999,2200619833.62674,374112,16971.692,981685926.58270,0
1720083600000,57674.10,57857.70,56917.50,57725.90,33000.400,1720087199999,1896036999.67257,345597,16353.129,939846638.72577,0
1720087200000,57725.90,57938.40,57400.00,57929.60,14865.403,1720090799999,856711428.28510,162356,7435.668,428622624.89610,0
1720090800000,57929.60,58088.00,57658.80,57748.40,11922.295,1720094399999,689660263.14900,119707,5853.681,338663975.12630,0
1720094400000,57748.40,57748.40,57146.00,57234.40,17252.308,1720097999999,991313345.45650,176648,8305.685,477285009.44180,0
1720098000000,57234.30,57485.00,56750.00,57402.10,45010.724,1720101599999,2568468100.66529,414096,22413.152,1279259750.00317,0
1720101600000,57402.20,57525.70,56825.40,57433.90,21643.767,1720105199999,1238836374.35825,222936,11109.389,635968305.42823,0
1720105200000,57433.90,58350.00,57336.90,58137.60,26817.020,1720108799999,1550564525.21600,257499,15296.979,884636934.18870,0
1720108800000,58137.50,58400.00,57735.70,58288.40,14952.832,1720112399999,867579473.45760,169342,7362.036,427312015.22760,0
1720112400000,58288.50,58378.60,58081.60,58230.40,7638.223,1720115999999,444563507.58260,95419,3584.415,208633036.19510,0
1720116000000,58230.40,58363.60,57917.00,58152.10,9242.132,1720119599999,537378044.04540,109146,4380.922,254785763.28480,0
1720119600000,58152.10,58653.40,58122.40,58267.00,10720.462,1720123199999,626362618.15970,132869,5517.353,322412908.52770,0
1720123200000,58266.90,58346.10,58111.60,58346.10,4488.898,1720126799999,261288191.88910,72317,2348.569,136720391.20710,0
1720126800000,58346.00,58644.00,58274.80,58485.90,4344.708,1720130399999,253945527.81940,63983,2069.521,120951184.92270,0
1720130400000,58485.80,58800.00,57978.30,58031.80,10243.813,1720133999999,598057336.86310,121108,4703.284,274792358.20510,0
1720134000000,58031.90,58103.90,56560.00,57045.90,29930.788,1720137599999,1717391078.15649,321924,12797.315,734647849.73167,0
1720137600000,57045.90,57533.40,56637.70,57363.40,40601.846,1720141199999,2317498885.35079,427244,19711.331,1125416593.53103,0
1720141200000,57363.50,57426.60,56780.10,57150.90,18045.130,1720144799999,1030248639.42181,215606,8605.005,491327270.25154,0
1720144800000,57150.80,57228.90,55351.00,55756.40,49781.978,1720148399999,2809461264.11211,474412,22101.059,1248295364.80232,0
1720148400000,55756.40,55961.60,54918.30,55214.60,55290.808,1720151999999,3063500328.67404,579202,26894.739,1490553670.89107,0
1720152000000,55214.70,55350.00,53329.50,53923.20,62939.367,1720155599999,3420937130.36472,554533,28119.401,1528490474.52686,0
1720155600000,53923.30,54772.50,53769.60,54771.90,24059.760,1720159199999,1306956614.87306,249992,13214.658,717916765.52380,0
1720159200000,54772.00,54780.00,53861.50,54274.90,25895.425,1720162799999,1405029809.69528,264950,12545.818,680661573.11611,0
1720162800000,54274.80,54432.90,53947.30,54389.40,15741.030,1720166399999,853386543.70596,173011,7924.498,429648950.04808,0
1720166400000,54389.40,54437.70,54033.50,54065.90,12470.632,1720169999999,676517481.38210,155828,5406.545,293355321.23429,0
1720170000000,54065.90,54719.10,53870.40,54505.00,19442.748,1720173599999,1054993919.56334,222111,10259.472,556783026.44087,0
1720173600000,54504.90,55348.80,54382.40,54963.50,25290.959,1720177199999,1390233907.20870,265546,13419.285,737726013.40485,0
1720177200000,54963.50,55629.70,54963.50,55458.90,21759.327,1720180799999,1203388111.66452,236289,10987.836,607727665.13806,0
1720180800000,55459.00,55919.10,54900.00,55037.20,32521.065,1720184399999,1801132140.95191,338965,15803.281,875652284.24674,0
1720184400000,55037.20,55847.30,54822.90,55801.90,25890.471,1720187999999,1435322056.95395,274268,13519.779,749551818.08738,0
1720188000000,55801.80,55862.30,55321.80,55730.60,15358.125,1720191599999,853484034.46381,191219,7408.241,411679682.25405,0
1720191600000,55730.60,56663.50,55633.10,56637.50,32274.656,1720195199999,1817151766.30672,343776,17552.066,988226794.19900,0
1720195200000,56637.50,56900.00,56110.60,56425.00,29714.350,1720198799999,1678663450.03773,294477,14063.791,794765800.77163,0
1720198800000,56425.00,57000.00,56273.00,56422.40,18852.705,1720202399999,1067372876.71495,219012,8827.399,499959829.64033,0
1720202400000,56422.50,56712.10,55781.80,56521.50,27064.706,1720205999999,1523321169.43521,273797,13235.579,745245329.31232,0
1720206000000,56521.60,56730.70,56310.10,56446.20,7812.851,1720209599999,441327816.05022,124090,3711.353,209666383.77485,0
1720209600000,56446.10,56505.10,56300.00,56327.30,4031.909,1720213199999,227300917.71496,78773,1989.725,112178990.44164,0
1720213200000,56327.30,56778.00,56327.20,56491.70,3701.828,1720216799999,209308933.34199,75706,1958.236,110715501.64919,0
1720216800000,56491.70,56715.60,56373.00,56600.10,4177.003,1720220399999,236360436.65660,78121,2005.453,113471477.30562,0
1720220400000,56600.10,56847.00,56586.00,56604.90,4474.916,1720223999999,253755578.75640,74552,2091.603,118619955.76884,0
1720224000000,56604.90,56975.00,56328.10,56582.30,14201.712,1720227599999,803898607.53097,169307,6875.480,389254580.23574,0
1720227600000,56582.20,56591.90,56178.80,56195.00,7517.148,1720231199999,423679896.37228,106781,3293.575,185667198.75776,0
1720231200000,56195.00,56481.80,56157.30,56412.20,5289.829,1720234799999,297819125.99666,88728,2772.801,156125917.85419,0
1720234800000,56412.20,56500.00,56245.00,56388.30,3646.967,1720238399999,205565665.95767,64212,1787.265,100750575.52774,0
1720238400000,56388.40,56398.80,56017.00,56040.00,5892.090,1720241999999,330975816.25250,72972,2274.672,127743290.24017,0
1720242000000,56040.10,56480.80,56000.00,56342.00,11155.928,1720245599999,627569034.42307,97429,6455.132,363003046.76723,0
1720245600000,56342.10,56549.70,56322.40,56388.20,4459.063,1720249199999,251777478.32791,65343,2367.811,133688687.94573,0
1720249200000,56388.10,56660.00,56371.00,56571.10,5015.929,1720252799999,283762346.22497,77069,2732.164,154564793.75184,0
1720252800000,56571.10,56628.00,56477.00,56530.80,3621.181,1720256399999,204787837.47489,54273,1806.604,102176534.77093,0
1720256400000,56530.70,56749.70,56412.50,56739.00,4653.041,1720259999999,263195121.58713,60604,2666.943,150877524.80021,0
1720260000000,56739.00,56850.00,56620.00,56750.00,6350.108,1720263599999,360287928.77780,79796,3232.387,183422172.93317,0
1720263600000,56750.00,56774.50,56636.30,56713.20,3052.062,1720267199999,173052477.18141,53238,1388.667,78738467.64652,0
1720267200000,56713.20,56763.00,56475.70,56725.70,4662.110,1720270799999,264000406.35472,67425,2321.292,131461770.06574,0
1720270800000,56725.70,57344.00,56630.00,56963.00,12973.904,1720274399999,739175786.70900,138775,7032.800,400816474.16963,0
1720274400000,56963.00,57107.70,56692.60,57032.00,9126.127,1720277999999,519051302.30414,116028,4412.668,250995204.81212,0
1720278000000,57032.00,57420.00,56900.40,57285.40,12122.112,1720281599999,693599153.66046,139986,6254.689,357890329.79513,0
1720281600000,57285.40,58089.90,57150.00,57830.20,24765.243,1720285199999,1429580319.64790,247696,14088.791,813364649.34480,0
1720285200000,57830.20,57999.00,57719.40,57932.30,5528.924,1720288799999,319905540.14730,89741,2855.934,165260777.66450,0
1720288800000,57932.40,57995.00,57715.00,57755.90,4497.651,1720292399999,260022896.69830,64713,1861.842,107643787.61710,0
1720292400000,57756.00,57906.80,57698.10,57834.80,3186.226,1720295999999,184189451.20760,46513,1896.557,109650407.38030,0
1720296000000,57834.90,58211.00,57806.10,57944.10,6326.379,1720299599999,367156354.15910,79988,3560.245,206662612.32210,0
1720299600000,57944.10,58249.40,57792.20,57844.50,5206.948,1720303199999,302026979.52300,69399,2683.684,155703166.13050,0
1720303200000,57844.60,58097.30,57844.50,58086.00,2967.501,1720306799999,172061833.85590,46085,1793.121,103966970.52150,0
1720306800000,58086.10,58472.00,58082.80,58216.00,12361.839,1720310399999,720619981.02210,128489,7073.468,412389212.80130,0
1720310400000,58216.00,58276.90,57889.70,57910.10,7231.047,1720313999999,419856879.24580,91907,3227.705,187415679.53400,0
1720314000000,57910.10,58300.00,57820.00,58099.50,8036.703,1720317599999,466097459.25330,94970,4678.911,271421928.34230,0
1720317600000,58099.40,58443.00,58092.60,58338.80,9572.230,1720321199999,557520697.16520,99380,4641.613,270390554.54430,0
1720321200000,58338.90,58341.60,57827.10,57943.90,14096.047,1720324799999,817727344.28240,129141,6569.173,381116285.60570,0
1720324800000,57944.00,57990.30,57555.00,57580.70,12502.640,1720328399999,722441561.78640,125623,5452.092,315094054.08170,0
1720328400000,57580.70,57786.30,57380.70,57631.50,9042.418,1720331999999,520822620.73720,98530,4773.520,274957464.44540,0
1720332000000,57631.60,57773.40,57582.30,57626.00,3355.777,1720335599999,193595725.95280,46938,1717.547,99100623.75260,0
1720335600000,57626.10,57678.50,57041.70,57344.40,12821.953,1720339199999,734625760.89977,146457,5688.778,325819805.85890,0
1720339200000,57344.50,57641.10,57337.80,57624.80,6400.758,1720342799999,367919281.02300,87228,3338.455,191920562.85030,0
1720342800000,57624.70,57718.70,57541.00,57710.00,4724.372,1720346399999,272297694.89910,72187,2537.414,146275981.81760,0
1720346400000,57710.10,57899.90,57474.70,57485.20,7605.082,1720349999999,438616139.95750,93217,3687.161,212762542.92730,0
1720350000000,57485.10,57528.20,57331.20,57436.90,4548.330,1720353599999,261144872.26310,71660,2372.656,136235890.14330,0
1720353600000,57436.90,57600.00,57180.20,57322.60,5993.861,1720357199999,343968969.19380,85191,2742.652,157437349.67840,0
1720357200000,57322.60,57344.10,56755.30,56846.10,16484.286,1720360799999,938683873.34314,186049,7799.940,444144254.19952,0
1720360800000,56846.10,56919.90,56555.10,56746.10,12309.867,1720364399999,698348167.56740,146133,6308.783,357986372.75967,0
1720364400000,56746.10,57045.80,56703.00,56806.20,7687.270,1720367999999,437092896.23508,111663,4143.053,235629873.66589,0
1720368000000,56806.20,57150.00,56723.00,57090.10,6492.585,1720371599999,369956791.61753,97380,3515.844,200355444.06257,0
1720371600000,57090.10,57272.70,56769.20,57218.80,7339.032,1720375199999,418478980.44785,96321,3978.057,226878713.71360,0
1720375200000,57218.70,57372.20,57094.90,57144.80,5462.304,1720378799999,312663759.09510,74178,2629.870,150550556.14980,0
1720378800000,57144.70,57180.80,57001.80,57133.90,2941.463,1720382399999,167875468.22541,49434,1346.414,76851623.49968,0
1720382400000,57133.90,57301.80,57017.90,57250.10,2301.550,1720385999999,131634066.86171,48580,1170.382,66940228.76099,0
1720386000000,57250.10,57267.90,56175.60,56565.80,17983.098,1720389599999,1016393887.48777,201497,8078.274,456443161.99230,0
1720389600000,56566.00,56769.80,56364.80,56366.00,8430.841,1720393199999,476950783.51314,99127,3746.721,211976522.71464,0
1720393200000,56365.90,56506.80,55688.00,55830.90,16998.467,1720396799999,953109550.04310,183385,7437.615,417144566.38452,0
1720396800000,55831.00,55999.00,55005.00,55068.90,26133.135,1720400399999,1450178642.59836,302715,12591.993,698949549.46752,0
1720400400000,55068.90,55090.70,54243.10,54930.00,37706.510,1720403999999,2059367257.50426,382735,18798.202,1026613200.04491,0
1720404000000,54930.00,55425.90,54573.10,55362.30,21338.100,1720407599999,1176079677.80457,213271,11517.259,635042398.82593,0
1720407600000,55362.30,55469.60,54850.00,55136.60,12151.101,1720411199999,670096627.97838,160303,5838.368,321957567.14204,0
1720411200000,55136.60,55625.50,54935.30,55476.90,10394.723,1720414799999,575124477.43452,146434,5323.546,294591482.34107,0
1720414800000,55476.90,55694.10,55267.10,55455.90,9050.134,1720418399999,502151381.82335,116532,4242.338,235432809.72877,0
1720418400000,55456.00,55878.00,55177.30,55611.20,13647.823,1720421999999,759023930.10790,153665,7307.471,406497321.91487,0
1720422000000,55611.20,55841.20,55500.10,55828.40,7035.524,1720425599999,391618734.63595,97990,3584.248,199547773.13508,0
1720425600000,55828.40,57876.00,55715.20,57767.80,59306.041,1720429199999,3376690233.39801,500026,34230.198,1948324477.03304,0
1720429200000,57767.90,58200.00,57333.40,57498.60,28300.233,1720432799999,1632914654.96160,311677,13557.544,782383102.68440,0
1720432800000,57498.50,57700.00,56685.00,56800.00,20767.238,1720436399999,1188111825.31219,222789,9228.229,528228275.92659,0
1720436400000,56800.00,57333.00,56735.00,57137.30,16025.000,1720439999999,914758305.76896,176207,9198.829,525051406.06535,0
1720440000000,57137.30,57629.30,56838.10,57132.00,15968.730,1720443599999,913282793.53760,189662,8473.799,484771328.46618,0
1720443600000,57131.40,57423.40,56762.60,57217.90,16836.600,1720447199999,961333833.76576,216849,8196.081,468066567.01716,0
1720447200000,57217.90,57280.50,54890.00,56169.00,70364.086,1720450799999,3933954777.60968,670987,33309.845,1861292734.81933,0
1720450800000,56169.00,56765.00,55678.80,55736.80,27950.216,1720454399999,1571928060.57650,315936,13641.447,767466981.77741,0
1720454400000,55736.80,56098.60,55400.50,55789.80,17132.839,1720457999999,955285017.48097,214921,8363.466,466398003.13518,0
1720458000000,55789.80,56365.10,55572.60,56262.50,11554.167,1720461599999,647388019.81137,159609,6369.997,356994123.64068,0
1720461600000,56262.50,56550.00,56138.70,56264.70,8883.942,1720465199999,500570967.80487,122905,4290.167,241768667.68893,0
1720465200000,56264.80,56529.20,56125.60,56462.30,6689.510,1720468799999,376700444.22625,91987,3262.540,183737997.13649,0
1720468800000,56462.90,56556.00,56175.40,56242.00,5848.500,1720472399999,329545048.05025,87516,2587.555,145798606.00343,0
1720472400000,56241.90,56800.00,56180.40,56622.30,8231.638,1720475999999,465213723.88088,102686,4272.194,241518664.92429,0
1720476000000,56622.30,56955.00,56530.00,56663.50,9168.112,1720479599999,520212201.01731,104929,4598.683,261005429.72553,0
1720479600000,56663.50,56845.80,56586.90,56686.40,3623.055,1720483199999,205404812.32003,54925,1814.042,102860992.12278,0
1720483200000,56686.40,56747.20,56256.20,56507.60,9484.301,1720486799999,535877249.28987,120096,4234.660,239250102.57328,0
1720486800000,56507.50,57260.00,56414.70,56534.50,16481.593,1720490399999,936516364.90341,194719,8446.899,480050405.68843,0
1720490400000,56534.50,57350.00,56304.30,57237.80,12726.546,1720493999999,723454935.33595,156271,7246.834,412111108.69964,0
1720494000000,57237.80,57248.80,56842.00,57139.50,7273.793,1720497599999,415055674.07281,107576,3621.376,206647606.14189,0
1720497600000,57139.50,57340.00,57074.00,57260.40,6573.966,1720501199999,376078308.93878,104271,3172.042,181499330.42400,0
1720501200000,57260.30,57423.60,57092.70,57261.80,6740.912,1720504799999,386020729.16940,110431,3424.973,196163420.16520,0
1720504800000,57261.80,57744.80,57162.60,57448.00,10258.571,1720508399999,589671830.24290,144999,5655.188,325109108.80520,0
1720508400000,57449.40,57528.90,57000.00,57102.50,12449.133,1720511999999,712020849.87340,131982,5000.040,286006392.62139,0
1720512000000,57102.50,57899.90,57000.00,57599.70,22943.189,1720515599999,1319449210.17131,243187,13122.496,754529961.90248,0
1720515600000,57599.80,57671.40,57483.70,57563.40,5336.681,1720519199999,307334132.00830,84165,2681.433,154441474.86000,0
1720519200000,57563.40,57650.00,57267.60,57409.70,8278.478,1720522799999,475276726.02850,97297,3672.558,210856904.40000,0
1720522800000,57409.60,57529.00,57195.50,57407.10,5485.295,1720526399999,314855892.74320,74503,2462.131,141346752.72440,0
1720526400000,57407.10,57549.10,57252.00,57327.10,7417.539,1720529999999,425687882.29130,94270,4211.952,241758563.25140,0
1720530000000,57327.00,57392.20,56922.60,57313.40,14464.607,1720533599999,827007676.56347,177190,6676.305,381804752.08597,0
1720533600000,57313.50,58159.60,57036.60,57040.30,34589.504,1720537199999,1992326712.43362,390100,17574.495,1012580012.41080,0
1720537200000,57040.30,57479.60,56862.90,57445.30,17808.194,1720540799999,1017632896.66390,195033,9217.001,526822043.61693,0
1720540800000,57445.30,57848.50,57318.30,57663.10,12576.151,1720544399999,724027149.14770,154298,5822.578,335276428.41580,0
1720544400000,57663.00,57780.00,57344.70,57497.10,5511.686,1720547999999,317121639.29200,82827,2670.291,153648298.20270,0
1720548000000,57497.00,58290.60,57418.90,57888.00,17780.898,1720551599999,1030316468.38940,206818,9661.994,559932066.37800,0
1720551600000,57888.00,57912.20,57659.90,57837.70,5022.574,1720555199999,290201887.03670,77224,2585.876,149428883.41510,0
1720555200000,57837.70,58081.80,57684.60,57911.90,5070.862,1720558799999,293632655.64890,80063,2435.198,141007277.65410,0
1720558800000,57911.90,57968.70,57741.00,57782.90,2966.082,1720562399999,171584694.55060,52750,1430.855,82777042.99160,0
1720562400000,57782.80,58256.00,57700.80,57915.10,6340.848,1720565999999,367532433.09520,84696,3505.155,203160261.16350,0
1720566000000,57915.10,58098.00,57843.00,58023.20,3655.645,1720569599999,211790096.47050,57904,1957.390,113415153.97100,0
1720569600000,58023.10,58023.20,57401.00,57468.00,9075.746,1720573199999,523368620.85730,113902,3990.651,230085661.48430,0
1720573200000,57467.90,57983.70,57315.90,57775.40,8725.284,1720576799999,503094018.46330,113551,4406.387,254062891.48620,0
1720576800000,57775.40,57899.00,57612.40,57868.70,3757.097,1720580399999,216983294.15280,68345,1912.594,110465630.73190,0
1720580400000,57868.60,58190.00,57818.10,58157.70,5702.946,1720583999999,330833235.64000,81742,3152.923,182930213.15850,0
1720584000000,58157.60,59429.70,58153.30,59323.90,39858.373,1720587599999,2347769978.37950,418563,22587.330,1330435306.86090,0
1720587600000,59323.90,59449.60,58800.00,58951.50,13850.907,1720591199999,818401865.00590,156550,6493.443,383684264.95900,0
1720591200000,58951.50,59297.80,58819.00,59212.60,8323.175,1720594799999,491740036.97050,113395,4489.219,265277218.89700,0
1720594800000,59212.60,59258.40,58820.00,58948.10,7609.905,1720598399999,449182590.80860,91688,3250.116,191808833.63480,0
1720598400000,58948.00,59013.90,58577.00,58735.20,10995.788,1720601999999,645739282.15200,131827,5035.898,295794575.42860,0
1720602000000,58735.20,58753.20,58375.00,58474.60,11013.468,1720605599999,644689023.81360,118342,5037.673,294901656.72040,0
1720605600000,58474.70,58702.00,58288.00,58633.20,10143.768,1720609199999,593835798.05120,104712,5719.479,334931827.97870,0
1720609200000,58633.20,58700.00,58325.00,58469.40,6980.729,1720612799999,408494141.16600,87001,2934.398,171706321.44910,0
1720612800000,58469.40,58544.50,57715.00,58127.80,23873.666,1720616399999,1386109243.99530,235713,10705.276,621417191.53870,0
1720616400000,58127.90,58265.20,57438.80,57718.70,21869.957,1720619999999,1264353887.21900,256254,10196.209,589641234.04040,0
1720620000000,57719.30,57866.00,57456.70,57686.00,10346.077,1720623599999,596879501.84660,158483,5051.602,291489476.44480,0
1720623600000,57686.00,58004.50,57416.50,57658.00,12350.225,1720627199999,713288732.17830,157790,5920.688,342044081.96100,0
1720627200000,57658.10,57995.00,57556.70,57675.20,9041.811,1720630799999,522570811.65800,137050,4499.680,260088227.33570,0
1720630800000,57675.20,57731.80,57414.00,57608.30,6557.740,1720634399999,377626005.70710,96869,3370.667,194141122.42050,0
1720634400000,57608.30,57768.80,57460.60,57606.00,4413.625,1720637999999,254233722.44600,72791,2259.828,130185333.75890,0
1720638000000,57605.00,57605.00,57333.00,57374.10,6025.954,1720641599999,346080199.98720,87558,2726.544,156602284.67550,0
1720641600000,57374.80,57534.00,57125.00,57391.10,9526.268,1720645199999,545955830.59160,113619,4755.222,272595959.09470,0
1720645200000,57391.10,57532.70,57237.60,57411.10,3145.059,1720648799999,180515574.75820,51963,1816.654,104280709.34030,0
1720648800000,57411.10,57834.00,57401.90,57688.00,6941.872,1720652399999,400174951.20440,76281,3953.854,227916777.23350,0
1720652400000,57688.00,57860.80,57579.80,57707.00,4119.497,1720655999999,237746391.89100,53521,2138.193,123423432.63420,0
1720656000000,57707.00,57707.50,57350.00,57608.00,5154.325,1720659599999,296405947.25510,81223,2452.369,141023184.37510,0
1720659600000,57608.00,58378.00,57460.00,58260.90,14907.019,1720663199999,864497888.44840,164406,8322.226,482645355.21590,0
1720663200000,58260.90,58380.00,57713.00,57846.20,8476.309,1720666799999,491249726.29020,124347,4030.525,233593131.19960,0
1720666800000,57846.10,57937.40,57030.00,57540.50,14802.109,1720670399999,849565622.99280,206403,7318.407,420083118.13989,0
1720670400000,57540.40,57768.00,57464.20,57755.70,5190.696,1720673999999,299070282.59280,77679,2774.883,159900351.16570,0
1720674000000,57755.80,58074.80,57677.60,57967.10,7822.844,1720677599999,452694250.38840,102411,4166.866,241182622.51370,0
1720677600000,57967.10,58083.20,57853.50,57976.70,4628.358,1720681199999,268228058.87400,72825,1986.072,115125523.15580,0
1720681200000,57976.80,58288.60,57905.90,58168.10,8019.388,1720684799999,466032648.47640,110902,4164.882,242061781.91990,0
1720684800000,58168.20,58320.20,58024.00,58145.50,5922.824,1720688399999,344462493.16780,88736,2823.790,164254610.86420,0
1720688400000,58145.50,58365.00,58039.50,58265.70,8179.292,1720691999999,476082198.08800,105335,4050.472,235817142.34620,0
1720692000000,58265.80,58489.80,58153.80,58445.90,8467.813,1720695599999,493840207.05280,108941,4658.818,271729148.84850,0
1720695600000,58445.90,58887.00,58368.00,58754.10,17378.338,1720699199999,1019208425.39850,173293,10248.568,601166884.41770,0
1720699200000,58754.00,59780.00,58481.10,58798.40,51121.993,1720702799999,3017846600.06040,499220,25801.747,1524101064.63430,0
1720702800000,58798.30,58955.00,58211.00,58544.20,26786.197,1720706399999,1569212357.44070,274996,12588.837,737794895.58360,0
1720706400000,58544.30,58651.50,57501.10,57764.80,32310.046,1720709999999,1871523531.00700,319364,14258.724,825756223.56940,0
1720710000000,57764.80,58089.90,57242.00,57382.80,20988.562,1720713599999,1209507115.90500,235614,9925.486,572022650.73620,0
1720713600000,57382.80,57719.10,57152.00,57618.50,13022.850,1720717199999,748308471.20320,156645,6491.714,373154513.35840,0
1720717200000,57618.50,57912.60,57550.20,57778.30,6388.960,1720720799999,369179705.26320,91784,3130.271,180876289.01060,0
1720720800000,57778.40,57969.60,57650.00,57814.70,5009.843,1720724399999,289532492.10860,76249,2378.246,137477834.35690,0
1720724400000,57814.10,57830.00,57306.10,57354.70,6914.946,1720727999999,397631282.89310,98903,3055.188,175660216.58490,0
1720728000000,57354.80,57569.00,57175.00,57528.40,6511.372,1720731599999,373534824.59370,91131,3264.063,187325026.34180,0
1720731600000,57528.30,57593.20,57288.00,57434.90,2928.104,1720735199999,168097412.86550,49224,1434.477,82360176.62450,0
1720735200000,57434.80,57519.50,57118.00,57314.90,6813.362,1720738799999,390582983.62500,98265,3172.743,181909677.73060,0
1720738800000,57315.00,57371.70,57121.00,57315.50,5361.409,1720742399999,306981793.75680,84915,2818.239,161385046.05830,0
1720742400000,57315.70,57554.40,57122.90,57147.70,8051.787,1720745999999,461765988.08370,111610,3952.693,226718095.97250,0
1720746000000,57147.70,57327.70,56500.10,56919.90,20637.429,1720749599999,1172301171.71151,229995,9936.805,564350391.86630,0
1720749600000,56919.90,57397.60,56855.90,57306.70,9537.103,1720753199999,545216243.30686,126385,5246.170,299896647.34158,0
1720753200000,57306.60,57346.40,56820.70,56887.60,6823.298,1720756799999,389027037.82547,103247,2975.000,169605629.91923,0
1720756800000,56887.60,57045.40,56690.00,56988.20,6328.198,1720760399999,359919619.61436,86021,3216.482,182984038.56454,0
1720760400000,56988.20,57088.00,56921.30,57003.60,4214.898,1720763999999,240241957.54861,56808,1999.548,113991635.02403,0
1720764000000,57003.50,57378.00,56997.90,57188.10,7523.783,1720767599999,430355206.64011,84681,4255.348,243355068.66182,0
1720767600000,57188.00,57286.30,56805.00,57071.40,9288.782,1720771199999,529567993.93314,104735,4108.026,234219914.81652,0
1720771200000,57071.40,57325.20,57000.00,57304.70,10752.875,1720774799999,614620915.79581,113983,6439.256,368131046.98297,0
1720774800000,57304.60,57305.00,56840.00,56933.70,6872.732,1720778399999,392092626.26871,91711,2458.905,140271932.98717,0
1720778400000,56933.70,57174.20,56740.60,57152.10,7467.509,1720781999999,425346425.92751,115318,3880.619,221077849.49351,0
1720782000000,57152.10,57261.00,57040.10,57188.80,5956.741,1720785599999,340442135.52629,72765,2769.119,158295163.27459,0
1720785600000,57188.70,57461.80,57066.00,57354.10,17028.846,1720789199999,975164752.56427,182251,9044.805,518029675.72050,0
1720789200000,57354.00,57978.70,57319.30,57816.20,19081.304,1720792799999,1099940906.91950,227325,9703.513,559346714.05260,0
1720792800000,57816.30,58000.00,57656.80,57799.90,10883.157,1720796399999,629367277.99670,167160,5048.312,291971253.30630,0
1720796400000,57800.00,58255.40,57744.20,58188.90,12832.158,1720799999999,744570746.14420,173312,7108.377,412473244.86420,0
1720800000000,58188.90,58400.00,57905.30,58089.80,11188.701,1720803599999,650293850.19280,141512,5571.680,323880296.71110,0
1720803600000,58089.80,58300.00,57923.00,58138.40,6497.035,1720807199999,377690127.73400,93657,3290.220,191322693.07360,0
1720807200000,58138.50,58500.00,58034.40,58271.20,11778.237,1720810799999,686875399.72040,128850,6582.352,383871537.80920,0
1720810800000,58271.10,58339.30,57446.10,57546.10,20028.841,1720814399999,1158379567.80540,191036,8101.428,468727104.65000,0
1720814400000,57546.20,57622.90,57107.70,57508.40,14536.102,1720817999999,834320143.88280,167179,6563.788,376773976.24860,0
1720818000000,57508.40,57655.70,57474.70,57567.30,2998.070,1720821599999,172628538.44810,51209,1614.892,92992078.47810,0
1720821600000,57567.00,57864.70,57550.20,57759.20,4622.733,1720825199999,266904660.87080,59479,3049.973,176110601.40750,0
1720825200000,57759.30,57887.60,57684.60,57870.00,3170.297,1720828799999,183206569.22840,43129,1535.600,88736839.28200,0
1720828800000,57870.00,57915.60,57730.20,57813.70,3199.843,1720832399999,185043321.45530,49361,1284.895,74306455.73550,0
1720832400000,57813.60,57948.00,57775.70,57861.70,2834.439,1720835999999,164028984.44890,44981,1625.826,94086185.53190,0
1720836000000,57861.70,57928.90,57731.90,57909.50,2501.209,1720839599999,144686893.68830,41946,1320.924,76432234.09010,0
1720839600000,57909.40,57962.80,57760.00,57792.40,3070.062,1720843199999,177595357.57660,44624,1402.678,81148830.46790,0
1720843200000,57792.50,57834.30,57744.90,57755.10,1967.340,1720846799999,113664613.67070,32946,926.349,53522120.44770,0
1720846800000,57755.00,58139.70,57728.60,58046.70,5940.063,1720850399999,344207513.23930,77336,3626.306,210151272.37860,0
1720850400000,58046.70,58195.70,57972.70,58010.40,3952.910,1720853999999,229544266.79220,61844,1974.122,114652138.81100,0
1720854000000,58010.30,58140.00,57990.00,58140.00,2603.037,1720857599999,151138942.90810,41386,1344.297,78055477.55910,0
1720857600000,58140.00,58191.10,57917.90,57929.90,2811.825,1720861199999,163241188.09400,49278,981.787,57021386.41120,0
1720861200000,57929.90,58900.00,57882.30,58654.10,16925.414,1720864799999,988116462.83520,177408,10486.407,612235216.93300,0
1720864800000,58654.10,58733.10,58320.00,58410.40,9957.936,1720868399999,583022483.72370,124623,4381.692,256586174.10880,0
1720868400000,58410.50,58581.60,58352.40,58513.90,5154.325,1720871999999,301391146.54040,64216,2816.616,164701195.77020,0
1720872000000,58514.00,58873.10,58408.10,58742.60,10180.809,1720875599999,597308282.28280,112816,5280.181,309764997.51600,0
1720875600000,58742.60,58807.20,58555.00,58588.20,6233.477,1720879199999,365617647.39050,75435,2716.101,159342080.37130,0
1720879200000,58588.10,58783.80,58450.00,58780.30,5748.607,1720882799999,336765856.89490,78344,3147.163,184420640.52230,0
1720882800000,58780.30,58842.70,58650.70,58808.50,7995.734,1720886399999,469787367.33200,87449,4075.690,239500829.67930,0
1720886400000,58808.50,58950.00,58569.20,58593.90,10175.215,1720889999999,597874354.74600,114609,4889.433,287359288.64370,0
1720890000000,58593.80,58686.30,58538.90,58686.30,2480.553,1720893599999,145396442.53550,44598,1361.648,79818937.78610,0
1720893600000,58686.30,58786.00,58545.00,58615.60,3084.675,1720897199999,180918098.25270,46928,1479.230,86771483.00680,0
1720897200000,58615.60,58719.10,58572.00,58596.60,1769.828,1720900799999,103779129.68600,30797,936.594,54921880.93050,0
1720900800000,58596.70,58658.30,58550.00,58570.90,2075.884,1720904399999,121608141.07930,33958,1123.005,65792480.62760,0
1720904400000,58571.00,58677.70,58551.00,58668.50,1273.528,1720907999999,74654744.23090,24676,775.444,45458090.55820,0
1720908000000,58668.50,59574.80,58254.50,59449.50,24090.049,1720911599999,1418715813.67500,241591,13836.074,815641837.57830,0
1720911600000,59449.60,59850.00,59100.00,59174.00,21857.560,1720915199999,1299262071.75270,255214,10663.330,633997397.20310,0
1720915200000,59173.90,59766.20,59164.00,59719.70,11580.011,1720918799999,688553786.68640,152788,6292.656,374213142.26720,0
1720918800000,59719.70,59816.50,59400.00,59679.70,8822.126,1720922399999,525884509.59230,119247,3970.825,236684655.27930,0
1720922400000,59679.80,59726.00,59254.00,59332.10,6666.218,1720925999999,395992740.68200,88873,2914.660,173116563.50840,0
1720926000000,59332.10,59553.40,59313.60,59435.00,4809.746,1720929599999,285770261.09660,57904,2535.548,150649817.32430,0
1720929600000,59435.00,60088.00,59387.40,59926.10,16640.617,1720933199999,994968648.81780,185627,9194.774,549814146.58590,0
1720933200000,59926.10,60299.00,59770.40,60231.40,15795.803,1720936799999,948903106.09990,207867,7764.469,466574372.54000,0
1720936800000,60231.50,60292.90,59761.00,59849.90,8608.904,1720940399999,516670650.08160,115232,3838.557,230419907.82680,0
1720940400000,59849.90,60104.40,59795.00,60031.30,5604.179,1720943999999,336096000.58500,74911,3470.151,208123351.61180,0
1720944000000,60031.20,60397.20,60031.20,60169.00,9220.685,1720947599999,555181215.60680,119193,4577.540,275630675.45840,0
1720947600000,60168.80,60337.40,60090.90,60161.90,5287.025,1720951199999,318308783.50970,82675,2468.661,148643432.63550,0
1720951200000,60161.90,60210.60,59879.30,59900.70,6963.267,1720954799999,418131956.73210,80849,2445.233,146827363.94550,0
1720954800000,59900.70,60094.30,59880.80,60079.00,5467.177,1720958399999,328017783.22040,71369,3311.983,198707281.94690,0
1720958400000,60079.00,60085.00,59555.50,59566.30,13772.717,1720961999999,822909361.29730,137667,6045.243,361155334.37170,0
1720962000000,59566.30,59754.00,59556.80,59669.20,6200.067,1720965599999,369738457.20710,82599,3435.828,204889167.86270,0
1720965600000,59669.30,60220.00,59438.00,59988.50,12029.985,1720969199999,719515961.54710,142355,6605.674,395185454.74480,0
1720969200000,59988.40,60125.40,59843.10,60053.30,6861.387,1720972799999,411519595.40960,99988,3311.921,198643100.54040,0
1720972800000,60053.30,60090.50,59858.00,60076.80,3606.963,1720976399999,216375594.62440,67284,1644.588,98666506.59670,0
1720976400000,60076.80,60154.60,59883.70,59976.30,3522.111,1720979999999,211367598.54030,55583,1866.747,112052894.92090,0
1720980000000,59976.20,60051.60,59902.00,59999.90,1749.251,1720983599999,104907279.83750,30785,924.318,55437358.89120,0
1720983600000,60000.00,60000.00,59868.00,59886.30,1391.887,1720987199999,83412741.08510,23830,517.721,31025923.90520,0
1720987200000,59886.30,60380.00,59850.00,60058.60,6244.724,1720990799999,375545249.72060,72796,3783.736,227533303.76890,0
1720990800000,60058.60,61412.40,59987.40,61260.10,26381.798,1720994399999,1603533796.69820,294537,16078.126,977257907.09460,0
1720994400000,61260.10,61364.90,60725.90,60831.60,12086.257,1720997999999,736519258.62830,156289,5967.320,363558902.10550,0
1720998000000,60831.60,61145.00,60673.60,60766.00,8747.978,1721001599999,533197930.90610,125542,4397.409,268034947.35300,0
1721001600000,60766.00,61294.50,60622.60,61186.80,10490.273,1721005199999,639267807.34390,136594,5356.953,326451827.05450,0
1721005200000,61186.70,61788.70,61149.00,61373.10,19781.121,1721008799999,1215751965.91300,227449,10749.081,660606169.05350,0
1721008800000,61373.10,62599.00,61272.60,62451.60,33496.318,1721012399999,2081040624.62280,342596,18351.522,1139923250.27670,0
1721012400000,62451.60,62777.00,62294.00,62617.30,15773.702,1721015999999,986312846.87950,194775,7807.314,488297134.76660,0
1721016000000,62617.30,62823.60,62400.00,62575.00,12113.108,1721019599999,757988055.96890,142231,6140.482,384305173.07390,0
1721019600000,62575.00,62950.00,62499.90,62769.10,12892.083,1721023199999,808904425.42740,151480,6514.606,408813301.73190,0
1721023200000,62769.20,62980.10,62672.50,62838.90,9683.356,1721026799999,608680340.48060,124794,5145.541,323479585.66920,0
1721026800000,62839.00,63075.80,62716.70,62816.00,10006.849,1721030399999,629254653.83350,126897,5419.685,340909978.37340,0
1721030400000,62816.10,63239.20,62766.60,62847.50,14072.800,1721033999999,886076360.71720,143697,7717.371,486054134.06980,0
1721034000000,62847.40,62880.00,62526.60,62609.30,14337.966,1721037599999,898728262.49540,158757,6744.336,422749441.24600,0
1721037600000,62610.00,62788.30,62373.00,62518.80,7532.278,1721041199999,471409813.42780,89100,3203.068,200491437.76550,0
1721041200000,62518.80,62586.80,62266.00,62431.90,8469.762,1721044799999,528682536.84950,110667,4120.415,257244482.00890,0
1721044800000,62432.00,62777.40,62419.50,62586.10,8396.623,1721048399999,525793633.52680,109952,4043.928,253235998.53820,0
1721048400000,62586.20,62962.50,62449.70,62877.70,15445.045,1721051999999,969135878.41670,174724,7749.571,486356749.41510,0
1721052000000,62877.60,63195.50,62700.40,63180.90,15376.077,1721055599999,968145880.05410,160261,8942.113,563173385.96720,0
1721055600000,63180.80,63299.80,62825.80,62985.90,17338.275,1721059199999,1093166123.92160,202899,8871.973,559499745.89590,0
1721059200000,62986.00,63580.00,62812.80,63369.60,21641.121,1721062799999,1369789538.26110,221962,12006.359,760009887.65130,0
1721062800000,63369.70,63698.00,63041.50,63045.10,18904.785,1721066399999,1198819438.86980,201851,10024.304,635868293.65850,0
1721066400000,63045.20,63589.00,62951.60,63462.00,10651.978,1721069999999,674641166.39680,133116,5412.534,342773851.24590,0
1721070000000,63462.00,63777.00,63150.00,63309.90,19261.918,1721073599999,1222504676.56200,229962,8734.044,554404354.61570,0
1721073600000,63309.90,63746.80,63216.20,63694.60,7349.880,1721077199999,466938214.01060,110598,3936.467,250063962.44540,0
1721077200000,63694.70,63757.00,63462.30,63499.20,4103.240,1721080799999,260987928.50720,69871,2005.390,127561582.41410,0
1721080800000,63499.20,64776.70,63463.80,64309.00,30916.281,1721084399999,1985370810.29620,336123,18334.048,1177400841.40810,0
1721084400000,64309.00,64870.70,64185.60,64680.60,14187.342,1721087999999,916447867.44900,184433,7551.507,487905773.57000,0
1721088000000,64680.60,64936.10,64405.00,64580.60,14090.426,1721091599999,911196319.07610,184770,7110.740,459893344.67620,0
1721091600000,64580.60,64832.90,64437.80,64811.90,6534.863,1721095199999,422671762.66770,96195,3421.306,221316271.59760,0
1721095200000,64811.90,64819.10,64507.00,64783.60,7048.083,1721098799999,455610984.89160,92409,3601.874,232850576.05100,0
1721098800000,64783.50,64840.70,64580.00,64725.10,5469.813,1721102399999,354001296.31140,72553,2369.914,153411597.49550,0
1721102400000,64725.10,64988.80,64439.40,64465.50,11864.183,1721105999999,767282878.31360,131059,5985.701,387243539.23800,0
1721106000000,64465.60,64532.90,63444.00,63632.00,29398.119,1721109599999,1878835613.48050,301766,13485.128,861544083.22660,0
1721109600000,63631.90,63861.00,62764.10,62880.20,23507.472,1721113199999,1488402917.98640,238669,10199.390,645900515.85580,0
1721113200000,62880.20,63303.60,62672.40,62881.80,21535.725,1721116799999,1356518993.33810,243223,11406.687,718533979.56000,0
1721116800000,62881.80,63064.00,62350.00,62799.20,20345.668,1721120399999,1275398440.66510,237290,10274.742,644219776.09300,0
1721120400000,62799.10,63225.00,62651.20,63152.20,15051.708,1721123999999,948184251.24290,157697,7809.595,491992636.46430,0
1721124000000,63152.20,63642.50,63054.30,63404.30,15498.608,1721127599999,982145289.64020,154405,7860.560,498213237.01660,0
1721127600000,63404.30,63839.00,63104.20,63719.80,15962.765,1721131199999,1014365841.00120,174184,8567.533,544651597.03250,0
1721131200000,63719.80,64258.60,63565.50,63714.10,18514.222,1721134799999,1182730437.23990,218584,9002.233,575226370.88430,0
1721134800000,63714.10,64066.80,63361.10,63391.10,16642.453,1721138399999,1060824388.87530,203129,7903.709,504025729.22200,0
1721138400000,63390.50,63879.00,63031.50,63806.30,20485.862,1721141999999,1299533099.45150,249536,10962.413,695623377.04360,0
1721142000000,63806.30,64942.00,63764.80,64833.90,29906.506,1721145599999,1927328337.00140,335462,16200.656,1044205375.36160,0
1721145600000,64833.90,65177.00,64169.50,64469.60,32590.539,1721149199999,2106407476.17310,326927,16197.590,1047249810.42970,0
1721149200000,64469.70,64614.00,64070.40,64509.90,9512.217,1721152799999,612058029.50610,135475,4717.470,303578057.96370,0
1721152800000,64509.90,64873.50,64363.70,64759.20,8437.511,1721156399999,545290242.86540,118655,4286.526,277089130.41060,0
1721156400000,64759.20,65150.00,64545.10,65125.20,13125.747,1721159999999,851696660.84750,174915,6327.025,410624709.91410,0
1721160000000,65125.20,65149.00,64578.40,64626.30,8187.547,1721163599999,531691561.21700,126589,3490.563,226707004.34340,0
1721163600000,64626.40,64811.50,64440.10,64464.50,5461.460,1721167199999,352911468.33340,83931,2747.682,177579909.03310,0
1721167200000,64464.40,64585.50,64058.00,64575.70,9685.597,1721170799999,623194284.15490,126390,4690.765,301870623.92130,0
1721170800000,64575.70,65388.00,64574.40,65010.00,16401.522,1721174399999,1067070161.96930,189602,8638.333,562009429.37550,0
1721174400000,65010.00,65584.30,64885.30,65470.70,14770.207,1721177999999,964610442.92320,177358,7887.349,515163595.56540,0
1721178000000,65470.70,66100.00,65399.10,65632.90,22688.209,1721181599999,1492734220.41470,248761,11980.272,788276722.22600,0
1721181600000,65632.90,65868.10,65500.00,65584.00,9859.905,1721185199999,647711446.06440,115272,5116.640,336174286.28680,0
1721185200000,65584.10,65766.20,65348.00,65662.80,7197.844,1721188799999,471902217.68620,100052,3732.134,244743320.67890,0
1721188800000,65662.80,65829.90,65507.30,65803.30,6417.453,1721192399999,421694777.06860,90448,3170.178,208345868.32290,0
1721192400000,65803.40,65968.50,65568.50,65587.30,8191.209,1721195999999,538712762.94440,100880,3831.843,252086241.24990,0
1721196000000,65587.30,65766.10,65438.40,65540.40,5875.417,1721199599999,385386894.94500,87420,2775.941,182112252.34010,0
1721199600000,65540.30,65551.70,65167.60,65226.20,9935.672,1721203199999,649212230.42770,127966,4624.612,302173924.03420,0
1721203200000,65226.20,65448.00,64769.60,65145.40,17609.764,1721206799999,1146989114.30480,204999,8931.956,581889908.77110,0
1721206800000,65145.40,65479.50,65051.50,65299.90,7268.215,1721210399999,474572337.00770,100249,3703.017,241812815.37800,0
1721210400000,65300.00,65330.60,65068.50,65097.70,5541.204,1721213999999,361183829.43820,82499,2597.092,169303818.64560,0
1721214000000,65097.70,65125.60,64531.00,64700.00,18009.804,1721217599999,1166800222.23830,202262,8209.529,531846367.74640,0
1721217600000,64699.90,64981.20,64543.90,64704.10,11266.696,1721221199999,729799851.34590,133029,6020.508,390027873.50090,0
1721221200000,64704.20,65300.00,64489.50,65102.10,21337.617,1721224799999,1383879193.93040,218918,11259.255,730499850.19850,0
1721224800000,65102.10,65204.70,64627.20,64997.10,16722.050,1721228399999,1085801383.18840,211339,8262.024,536449996.74670,0
1721228400000,64997.20,65379.80,64591.60,64695.80,15015.516,1721231999999,975348269.15330,187909,6977.548,453426251.58960,0
1721232000000,64696.00,64745.60,63823.00,64221.30,34981.707,1721235599999,2248037940.71010,351368,16892.229,1085486847.80340,0
1721235600000,64221.30,64393.60,63900.10,64255.20,11437.038,1721239199999,733813395.96540,137608,5528.113,354792805.79560,0
1721239200000,64255.20,64540.90,64183.40,64478.00,5253.488,1721242799999,338378623.09850,76869,2743.779,176741977.64270,0
1721242800000,64477.90,64722.80,64414.30,64550.60,6184.224,1721246399999,399480056.48860,85280,2839.011,183415563.08580,0
1721246400000,64550.70,64654.40,64464.30,64480.60,3279.274,1721249999999,211700797.17870,45692,1245.062,80385876.63900,0
1721250000000,64480.60,64537.30,64020.00,64276.50,9010.705,1721253599999,578874035.76140,115596,4481.443,287897636.62910,0
1721253600000,64276.60,64417.60,64074.60,64232.00,4653.073,1721257199999,298908492.25370,74151,2293.308,147325815.31750,0
1721257200000,64232.10,64345.20,64050.00,64055.70,4150.102,1721260799999,266349896.00040,58248,1971.749,126556813.36770,0
1721260800000,64055.80,64499.90,63871.20,64407.00,9226.444,1721264399999,592179023.95090,113569,4580.274,294033847.33230,0
1721264400000,64406.90,64645.80,64330.00,64640.10,5356.008,1721267999999,345563317.67890,76191,2744.993,177136947.30500,0
1721268000000,64640.00,65173.80,64210.00,64661.70,15875.098,1721271599999,1026731328.17570,186935,8661.723,560350634.66430,0
1721271600000,64661.70,64929.00,64585.20,64827.80,4962.720,1721275199999,321500379.10230,73112,2611.071,169161559.94610,0
1721275200000,64827.90,64849.50,64502.20,64544.90,4638.613,1721278799999,299995245.66270,65504,1873.209,121130205.80460,0
1721278800000,64544.90,64835.00,64355.10,64719.40,5845.067,1721282399999,377405724.90290,78459,2813.739,181718320.98090,0
1721282400000,64719.50,65038.50,64676.00,64965.40,6319.163,1721285999999,410108625.31670,80801,3361.694,218210065.40450,0
1721286000000,64965.40,65005.70,64623.00,64644.80,5297.950,1721289599999,343236957.22490,70513,2214.057,143432405.86310,0
1721289600000,64644.80,64930.70,64604.20,64911.70,4912.952,1721293199999,318089505.15820,68569,2858.584,185112347.16560,0
1721293200000,64911.70,64918.30,64690.50,64831.70,3986.983,1721296799999,258489574.65370,49995,1767.103,114566088.93570,0
1721296800000,64831.60,64831.70,64464.80,64591.30,6150.472,1721300399999,397281564.96140,72040,2555.952,165082405.00950,0
1721300400000,64591.40,64733.70,64413.00,64728.90,5605.368,1721303999999,361984847.55560,64833,2831.792,182897729.92280,0
1721304000000,64729.00,64996.40,64695.00,64811.20,8973.522,1721307599999,581811967.41560,94849,4593.612,297867564.54150,0
1721307600000,64811.20,65098.90,64468.60,64568.20,12845.135,1721311199999,831975719.49030,148647,6196.753,401421231.75040,0
1721311200000,64568.30,64680.00,63668.30,63957.20,28358.896,1721314799999,1817731829.03570,284574,13022.407,834708288.03280,0
1721314800000,63957.20,63965.60,63359.10,63500.10,29163.939,1721318399999,1856570083.12410,304711,14213.181,904987227.91680,0
1721318400000,63500.10,63878.30,63272.00,63878.30,14865.570,1721321999999,945666072.46620,174241,7879.386,501418881.12310,0
1721322000000,63878.30,63933.30,63464.50,63529.90,7950.057,1721325599999,506504141.37420,99209,3209.923,204543509.51880,0
1721325600000,63529.90,63640.00,63300.00,63495.10,7404.582,1721329199999,469911637.83120,105061,3984.104,252894886.88790,0
1721329200000,63495.00,63725.50,63206.40,63535.60,9902.594,1721332799999,628565454.78640,128472,5064.825,321549712.17030,0
1721332800000,63535.50,63828.00,63413.10,63792.40,5172.105,1721336399999,328935203.60780,64562,2892.495,183966256.47170,0
1721336400000,63792.50,63880.00,63717.90,63817.10,3431.600,1721339999999,218954822.45100,45124,1742.762,111203802.86630,0
1721340000000,63817.00,64096.30,63681.00,64003.60,6886.462,1721343599999,440282148.23770,81105,4103.803,262424795.34780,0
1721343600000,64003.50,64059.80,63914.40,63959.90,2516.857,1721347199999,161011731.15450,39080,1184.939,75808993.26620,0
1721347200000,63960.00,63999.10,63519.00,63576.90,7501.007,1721350799999,477930998.46240,88395,3321.021,211593861.98460,0
1721350800000,63577.00,63839.00,63266.20,63791.10,8292.584,1721354399999,527014108.93400,100885,4551.071,289391989.66690,0
1721354400000,63791.20,63919.00,63611.50,63806.00,4530.626,1721357999999,289009126.10210,63806,2202.940,140568002.95240,0
1721358000000,63805.90,64348.20,63790.40,64298.00,10447.110,1721361599999,669923305.90510,120896,5782.791,370807522.11340,0
1721361600000,64297.90,64358.00,64111.00,64111.00,4717.432,1721365199999,302942825.71020,63076,1736.127,111502813.95200,0
1721365200000,64111.00,64227.80,64057.60,64143.20,3679.405,1721368799999,235989968.47080,44113,1789.447,114789326.13880,0
1721368800000,64143.10,64469.30,64111.00,64184.90,6738.862,1721372399999,433452794.19490,83721,3564.169,229291047.91870,0
1721372400000,64184.80,64184.80,63565.00,63673.90,13053.160,1721375999999,833207664.85450,141956,5561.165,354915114.34680,0
1721376000000,63673.90,63946.80,63371.40,63783.90,13139.166,1721379599999,835844356.39270,142296,7140.010,454321681.11510,0
1721379600000,63783.80,64100.00,63613.30,63672.00,9833.569,1721383199999,628133694.92690,109637,4803.566,306920881.43350,0
1721383200000,63671.90,64140.00,63624.10,63973.60,7953.412,1721386799999,508693864.39040,89502,4228.963,270437913.14220,0
1721386800000,63973.70,64165.80,63905.30,64095.20,4468.859,1721390399999,286073635.28570,59108,2054.497,131552177.67880,0
1721390400000,64095.60,64416.00,64016.10,64386.20,9473.036,1721393999999,608469606.42160,106448,5348.631,343573635.44260,0
1721394000000,64386.20,65300.00,64010.10,65104.00,31143.434,1721397599999,2015133298.65760,305734,16255.800,1052234999.79210,0
1721397600000,65105.10,65870.00,64968.00,65700.70,33922.134,1721401199999,2222332425.67860,359073,18070.815,1184033970.49760,0
1721401200000,65700.80,65800.00,65232.00,65791.50,19436.043,1721404799999,1274186731.83130,224801,9758.951,639886945.37200,0
1721404800000,65791.50,66498.00,65784.00,66374.00,37192.902,1721408399999,2462066754.05870,389880,19662.743,1301496833.93760,0
1721408400000,66374.10,66800.00,66205.30,66711.10,19963.694,1721411999999,1328242538.09940,215206,11043.626,734906272.41590,0
1721412000000,66711.20,66770.40,66382.70,66746.40,10276.045,1721415599999,684020254.70570,131388,4887.329,325354611.34300,0
1721415600000,66746.40,67362.80,66746.30,67107.80,29137.861,1721419199999,1953793930.13780,302283,15453.936,1036327467.39830,0
1721419200000,67107.80,67178.60,66850.00,66892.50,9611.461,1721422799999,643459585.49880,121021,4260.629,285240148.29020,0
1721422800000,66892.40,67320.90,66848.10,66861.40,7847.215,1721426399999,526379284.98080,98391,3913.186,262486686.19260,0
1721426400000,66861.50,66966.20,66623.00,66684.60,5156.490,1721429999999,344537213.94930,64921,2230.971,149122583.23720,0
1721430000000,66684.50,66883.50,66590.90,66627.90,4344.298,1721433599999,289815058.27220,56241,2227.147,148608604.37440,0
1721433600000,66627.90,66797.00,66228.20,66391.00,9954.362,1721437199999,661710901.79820,110680,4308.770,286479128.27100,0
1721437200000,66391.00,66676.60,66159.10,66327.40,5726.321,1721440799999,380289409.70390,78724,2708.340,179913356.39790,0
1721440800000,66327.50,66600.00,66288.10,66534.90,3262.968,1721444399999,216897431.22360,51748,1891.156,125717391.76150,0
1721444400000,66534.90,66721.50,66512.30,66568.70,3430.645,1721447999999,228589481.14090,51756,1941.068,129346197.54020,0
1721448000000,66568.70,66676.20,66438.10,66628.30,2855.595,1721451599999,190099100.73700,42714,1423.374,94781879.93560,0
1721451600000,66628.30,66628.40,66401.00,66506.10,2606.020,1721455199999,173266674.34270,38771,1089.222,72417262.95020,0
1721455200000,66506.10,66640.80,66470.30,66597.10,2157.484,1721458799999,143621689.65220,36693,1392.528,92700525.12380,0
1721458800000,66597.00,66729.00,66489.60,66526.30,3687.938,1721462399999,245622859.18940,47011,1887.039,125696300.10250,0
1721462400000,66526.40,66609.40,66422.90,66470.30,3170.241,1721465999999,210846263.39470,42378,1496.346,99532705.34830,0
1721466000000,66470.40,66700.00,66436.00,66545.40,3157.851,1721469599999,210263431.07540,44531,1858.881,123777815.09980,0
1721469600000,66545.30,66625.00,66450.70,66494.70,2839.963,1721473199999,188881127.64040,38867,1431.161,95191496.59320,0
1721473200000,66494.70,66532.30,66440.00,66445.90,1954.722,1721476799999,129948814.36560,31108,1058.964,70403629.07640,0
1721476800000,66446.00,66543.30,66436.30,66444.50,2069.511,1721480399999,137576691.20610,31474,943.521,62727864.58800,0
1721480400000,66444.50,66622.50,66241.40,66502.90,6881.464,1721483999999,457075085.94660,83334,3174.961,210944340.98310,0
1721484000000,66503.00,66679.00,66470.20,66549.20,3636.301,1721487599999,242105945.37290,48450,1992.452,132666393.42370,0
1721487600000,66549.10,66799.90,66549.10,66797.00,5040.554,1721491199999,336088702.85450,64083,2983.190,198929599.95890,0
1721491200000,66797.00,67000.00,66632.00,66776.70,8692.325,1721494799999,580808477.94780,98713,4833.952,323059004.44870,0
1721494800000,66776.60,67648.70,66727.80,67368.80,21308.809,1721498399999,1433321180.25910,247631,11985.104,806200673.09030,0
1721498400000,67368.80,67547.80,67180.00,67429.10,6051.778,1721501999999,407691811.78540,97222,2875.063,193702677.38400,0
1721502000000,67429.20,67478.60,67100.00,67195.00,5185.757,1721505599999,348789837.97190,69787,2245.440,151026958.27190,0
1721505600000,67195.00,67412.40,67182.30,67311.70,2762.793,1721509199999,185950091.84030,46187,1424.209,95856177.06580,0
1721509200000,67311.60,67316.40,66737.70,67059.20,9012.811,1721512799999,603760696.46060,106985,3630.805,243168886.33620,0
1721512800000,67059.30,67267.10,66799.80,67067.10,5871.488,1721516399999,393398632.30030,82898,2714.508,181918765.23730,0
1721516400000,67067.10,67150.00,67044.50,67095.60,2246.705,1721519999999,150773332.44390,32757,972.497,65262987.79240,0
1721520000000,67095.60,67290.90,66918.40,67026.50,4123.081,1721523599999,276568142.14020,63257,1962.694,131649986.90800,0
1721523600000,67026.50,67400.00,66997.00,67242.10,4210.716,1721527199999,283078894.40990,56507,2351.196,158067853.49940,0
1721527200000,67242.20,67360.00,67226.40,67242.80,2129.973,1721530799999,143312443.60330,36471,955.776,64311863.69900,0
1721530800000,67242.90,67346.10,67112.30,67145.80,2645.185,1721534399999,177808815.00590,40611,1207.660,81185919.19860,0
1721534400000,67145.80,67194.30,66961.50,67010.50,2969.592,1721537999999,199178677.81270,44801,1227.514,82342221.37730,0
1721538000000,67010.50,67073.20,66855.10,67015.40,3812.176,1721541599999,255333504.58780,53831,1792.104,120048239.34620,0
1721541600000,67015.40,67060.00,66574.20,66690.00,7714.779,1721545199999,514924952.71470,97716,3319.119,221500089.04750,0
1721545200000,66690.00,66796.90,66560.00,66670.00,3890.782,1721548799999,259442853.84880,59133,2054.687,137015059.61120,0
1721548800000,66669.90,66864.60,66645.60,66760.30,3351.188,1721552399999,223792121.64690,51496,1814.851,121199075.59400,0
1721552400000,66760.30,66994.70,66722.10,66944.10,3239.790,1721555999999,216699768.93160,53198,1843.906,123335637.66670,0
1721556000000,66944.10,67040.40,66767.30,66767.30,2858.232,1721559599999,191223982.89250,46774,1272.676,85166752.72550,0
1721559600000,66767.30,66854.80,66713.90,66845.40,2113.545,1721563199999,141150648.44260,33263,1090.134,72810809.38720,0
1721563200000,66845.40,66954.10,66800.00,66892.50,2384.989,1721566799999,159514430.75010,40031,1210.458,80965254.37410,0
1721566800000,66892.50,66935.00,66571.30,66731.90,5493.307,1721570399999,366498741.36550,64947,2513.183,167655284.33370,0
1721570400000,66731.90,67377.90,66642.00,67250.80,12214.725,1721573999999,819961977.42490,156113,6736.910,452235546.17360,0
1721574000000,67250.90,67498.00,66941.80,67130.90,11184.577,1721577599999,751696738.21370,137657,5664.926,380808417.69970,0
1721577600000,67130.90,67586.90,66905.80,67524.70,11897.098,1721581199999,800041742.69680,141441,6328.016,425575859.63630,0
1721581200000,67524.60,67719.80,66399.00,66620.90,20827.354,1721584799999,1397144003.92500,237139,9837.871,660243440.70980,0
1721584800000,66620.90,67322.00,65750.00,66830.00,43746.951,1721588399999,2909688472.86690,457466,21756.744,1447445858.38210,0
1721588400000,66830.10,67700.00,66752.30,67391.40,13291.761,1721591999999,894224908.50770,178803,7361.551,495319563.73490,0
1721592000000,67391.50,68198.90,67239.90,67708.30,20860.466,1721595599999,1415651173.94630,273621,11248.478,763356845.43500,0
1721595600000,67708.20,68292.60,67522.80,68169.80,10030.250,1721599199999,681470725.93090,138856,5599.513,380466382.74830,0
1721599200000,68169.80,68351.20,67902.00,67987.40,6978.312,1721602799999,475247303.32890,104775,3350.432,228207091.47440,0
1721602800000,67987.50,68181.00,67858.40,68138.00,5259.543,1721606399999,357808525.00790,82951,2729.458,185713467.01080,0
1721606400000,68138.00,68459.70,68001.40,68163.70,9081.867,1721609999999,619723640.12980,119900,4706.456,321206637.64430,0
1721610000000,68163.70,68207.80,67700.00,67809.10,9147.284,1721613599999,621162355.65800,123196,4044.491,274689054.79480,0
1721613600000,67809.00,68170.00,67710.00,68039.70,5587.046,1721617199999,379848925.81530,81450,3031.108,206046961.30790,0
1721617200000,68039.70,68077.00,67796.20,67847.30,5540.903,1721620799999,376447024.24540,70888,2405.144,163425667.22740,0
1721620800000,67847.30,67966.00,67710.00,67894.50,3975.830,1721624399999,269709598.55690,57177,1914.173,129879573.79800,0
1721624400000,67894.60,67917.50,67467.70,67600.00,6510.136,1721627999999,440374941.74510,94827,2774.610,187683221.35190,0
1721628000000,67600.00,67718.50,67100.00,67382.00,10509.363,1721631599999,708104610.84840,132036,5092.377,343163879.63930,0
1721631600000,67382.10,67385.60,67158.00,67210.30,5812.297,1721635199999,390868354.58770,88496,2715.559,182634750.73460,0
1721635200000,67210.40,67372.70,66999.20,67060.10,6687.353,1721638799999,449231697.55820,93395,2999.864,201560125.71530,0
1721638800000,67060.00,67395.00,66904.20,67389.30,5700.055,1721642399999,383054109.93470,87342,3233.520,217339231.88390,0
1721642400000,67389.40,67492.40,67265.00,67392.50,5012.166,1721645999999,337801606.19690,74158,2537.424,171025543.34430,0
1721646000000,67392.40,67571.40,67260.00,67479.10,3438.730,1721649599999,231800106.72340,57800,1746.596,117755786.53240,0
1721649600000,67479.10,67660.00,67327.50,67660.00,5475.225,1721653199999,369850374.28960,77516,3041.519,205495691.66570,0
1721653200000,67660.00,67932.20,66952.80,67073.50,20267.768,1721656799999,1367153135.76200,229011,9239.342,623458242.07570,0
1721656800000,67073.50,67296.70,66577.00,66695.30,19702.858,1721660399999,1318774755.43770,252681,9216.111,616966360.69150,0
1721660400000,66695.30,67169.50,66538.60,67044.30,10658.580,1721663999999,712765772.24310,154884,6142.631,410831896.50120,0
1721664000000,67044.30,67298.20,66784.10,67019.90,7687.150,1721667599999,515393920.76090,115182,3779.459,253468567.01280,0
1721667600000,67019.90,67437.00,66978.60,67429.80,5571.067,1721671199999,374691285.06790,81838,2881.882,193867240.61560,0
1721671200000,67429.90,67646.10,67297.70,67416.60,7655.056,1721674799999,516490936.38650,101210,3741.725,252519247.92530,0
1721674800000,67416.70,68228.60,67340.40,68193.50,13608.110,1721678399999,923234788.15700,168390,7503.424,509064367.78450,0
1721678400000,68193.60,68221.50,67785.00,68100.00,7388.849,1721681999999,502552230.86250,120475,3569.035,242757046.51760,0
1721682000000,68099.90,68144.00,67613.00,67822.20,5302.688,1721685599999,359568118.02350,87664,2443.634,165698902.93740,0
1721685600000,67822.20,67830.00,67459.00,67610.00,5521.744,1721689199999,373249024.49180,90592,2619.364,177058187.40190,0
1721689200000,67609.90,67615.30,67202.10,67499.20,7149.266,1721692799999,482026052.78910,101202,3593.948,242345234.91810,0
1721692800000,67499.20,67729.30,67414.60,67458.10,5591.701,1721696399999,377859005.99570,73605,2456.240,166008763.75980,0
1721696400000,67458.10,67473.40,67175.60,67380.30,5611.510,1721699999999,377829275.87420,88495,2611.460,175838902.68960,0
1721700000000,67380.20,67676.80,67203.10,67620.00,5765.830,1721703599999,389087891.63540,82437,3055.975,206245803.89520,0
1721703600000,67620.00,67688.00,67401.00,67437.30,3166.321,1721707199999,213855337.54040,50167,1274.194,86078023.45580,0
1721707200000,67437.30,67493.30,66908.30,66915.00,8945.606,1721710799999,600692798.50270,104636,3658.777,245687841.16680,0
1721710800000,66915.10,66932.60,66285.60,66399.90,18246.714,1721714399999,1214259226.60850,216533,9064.153,603085564.73120,0
1721714400000,66400.00,66742.10,66351.00,66496.10,10938.717,1721717999999,728281339.22080,131480,5258.351,350081870.23650,0
1721718000000,66496.20,66628.30,66216.10,66550.00,7627.814,1721721599999,506766934.25900,106874,3642.202,242047744.60630,0
1721721600000,66549.90,66978.30,66485.30,66859.40,12394.284,1721725199999,827607372.47080,146105,6438.503,429972295.29740,0
1721725200000,66859.40,67135.50,66728.40,66897.00,7737.609,1721728799999,518159575.25230,105965,3672.657,245952218.21760,0
1721728800000,66897.00,66992.30,66773.10,66828.80,4429.310,1721732399999,296266691.33270,69691,2124.981,142159538.81720,0
1721732400000,66828.90,66833.50,66413.00,66641.00,10115.524,1721735999999,674019984.93040,123416,4832.560,322025833.51720,0
1721736000000,66641.00,66731.20,66345.00,66478.20,7977.192,1721739599999,530402633.67430,107565,4307.779,286410800.05730,0
1721739600000,66478.10,66730.10,65921.70,66072.00,25301.358,1721743199999,1677644579.22550,298333,12067.952,800515132.92380,0
1721743200000,66072.80,67338.00,65958.00,67201.10,28493.864,1721746799999,1904601217.39920,318694,15221.569,1017182703.83590,0
1721746800000,67200.10,67223.10,66290.00,66552.80,24416.223,1721750399999,1627839209.04290,279085,11370.274,757791442.89940,0
1721750400000,66552.80,66745.10,65800.00,65824.90,18859.417,1721753999999,1249039753.50180,235338,8693.672,575915747.12200,0
1721754000000,65825.00,66097.60,65713.20,65921.00,16843.664,1721757599999,1109604226.97740,209850,9211.150,606898270.84780,0
1721757600000,65921.00,66107.80,65756.00,65840.20,8440.945,1721761199999,556370646.77190,116272,4354.436,287061588.56760,0
1721761200000,65840.20,66061.00,65416.50,65516.10,13614.510,1721764799999,894508561.61540,172089,6408.927,421238666.98210,0
1721764800000,65516.20,65992.30,65453.40,65810.20,11409.324,1721768399999,750031053.41680,152483,6290.207,413496866.21430,0
1721768400000,65810.20,66040.00,65754.50,65853.90,4166.540,1721771999999,274587118.28760,71451,2107.215,138889211.06140,0
1721772000000,65854.00,66023.00,65758.40,65901.80,5479.882,1721775599999,361057853.29540,75695,2762.055,181998228.20490,0
1721775600000,65901.80,66033.10,65758.20,65916.40,4856.821,1721779199999,320099697.84820,64217,2493.139,164325138.58080,0
1721779200000,65916.30,66135.50,65750.90,65763.20,4831.152,1721782799999,318450359.15090,79712,2327.108,153427221.21560,0
1721782800000,65763.10,66100.00,65591.70,65646.70,6881.579,1721786399999,452787820.31650,91046,3242.653,213374442.92960,0
1721786400000,65646.70,65912.30,65450.80,65857.30,6378.989,1721789999999,418621277.24250,87437,3496.698,229540325.60300,0
1721790000000,65857.30,66100.00,65765.30,66027.50,5138.153,1721793599999,338951151.57560,69916,2455.662,162013779.47720,0
1721793600000,66027.40,66056.00,65756.90,65834.00,4196.722,1721797199999,276553684.93040,61249,1709.357,112634860.39770,0
1721797200000,65834.00,65900.10,65577.50,65793.40,4970.077,1721800799999,326614798.45360,68544,2365.565,155471936.63410,0
1721800800000,65793.50,65976.90,65740.00,65874.30,3705.265,1721804399999,244079602.59680,52021,1980.546,130467013.32190,0
1721804400000,65874.20,66052.80,65844.40,66049.00,3654.942,1721807999999,241099771.04100,53828,2049.964,135234483.83810,0
1721808000000,66049.00,66428.70,65974.90,66412.60,11490.135,1721811599999,761252962.10090,128834,6280.566,416125802.55240,0
1721811600000,66412.50,66451.70,66269.70,66377.60,4827.337,1721815199999,320357895.08720,68307,2107.982,139895280.63590,0
1721815200000,66377.50,66590.00,66327.50,66478.60,7138.606,1721818799999,474352673.33370,85223,3552.466,236087382.72260,0
1721818800000,66478.60,66533.00,66309.90,66345.70,4908.530,1721822399999,326033967.73910,67304,2218.493,147370442.09130,0
1721822400000,66345.70,66555.00,66153.90,66197.30,7235.012,1721825999999,479895896.29220,88166,3603.888,239077643.44310,0
1721826000000,66197.40,66880.00,66179.60,66315.70,17858.781,1721829599999,1189277283.45470,196250,9288.731,618668768.15590,0
1721829600000,66315.70,67087.30,66257.20,66728.90,19531.902,1721833199999,1304322934.76530,226010,10253.102,684743001.39360,0
1721833200000,66728.90,66788.30,66066.00,66155.70,19388.129,1721836799999,1286644150.25570,206220,9638.233,639735307.35380,0
1721836800000,66155.80,66471.40,65950.00,66367.20,10975.937,1721840399999,726807509.35570,142008,5476.705,362732240.15710,0
1721840400000,66367.20,66687.90,66290.00,66561.60,6951.145,1721843999999,462383432.71950,91779,3395.460,225897192.74820,0
1721844000000,66560.00,66630.00,65681.30,65733.30,15186.923,1721847599999,1003444710.61930,168105,6819.510,450568013.11340,0
1721847600000,65733.40,66085.70,65537.00,65631.80,13172.688,1721851199999,866770817.23230,148739,6772.839,445755782.92250,0
1721851200000,65631.80,66059.70,65627.70,66028.00,5451.964,1721854799999,359139930.55780,80496,3089.869,203532253.89390,0
1721854800000,66027.90,66047.60,65040.50,65624.00,17668.505,1721858399999,1157432869.46310,201713,7452.605,488423000.66430,0
1721858400000,65624.00,65651.10,65220.00,65266.60,7459.471,1721861999999,488015446.06160,112442,3714.714,243020117.42460,0
1721862000000,65266.60,65444.00,65066.00,65350.80,6077.477,1721865599999,396785066.82750,91209,3333.748,217681258.72880,0
1721865600000,65350.70,65606.30,65249.70,65482.70,6159.301,1721869199999,403148320.12730,83370,3208.645,210025638.26070,0
1721869200000,65482.70,65482.70,64200.00,64467.90,45766.873,1721872799999,2953462399.70280,460610,20166.664,1301084118.77250,0
1721872800000,64467.90,64481.40,63916.20,64188.00,19905.642,1721876399999,1277349978.45020,214279,8604.561,552317402.28580,0
1721876400000,64188.00,64272.10,63823.30,64074.00,14397.120,1721879999999,922296870.86710,153180,6602.390,423072225.69260,0
1721880000000,64073.90,64273.00,63800.00,64203.90,11416.230,1721883599999,731321061.77480,118505,5711.884,366038580.37780,0
1721883600000,64203.80,64317.10,64103.10,64245.00,5531.151,1721887199999,355198745.39280,66497,2633.299,169114408.61740,0
1721887200000,64244.90,64350.00,64067.00,64302.60,5932.246,1721890799999,380887593.79470,71699,3058.194,196388144.97410,0
1721890800000,64302.50,64378.00,64051.20,64115.10,6254.938,1721894399999,401721175.73140,77243,2888.298,185533741.25810,0
1721894400000,64115.00,64398.80,63857.20,64335.60,14261.706,1721897999999,913922575.24210,157344,7797.886,499734458.73060,0
1721898000000,64335.50,64474.20,64200.00,64290.40,5916.430,1721901599999,380682391.11190,73781,2929.304,188497241.83730,0
1721901600000,64291.10,64299.70,63951.00,64141.80,7350.372,1721905199999,470938949.81000,92325,3653.232,234063200.17450,0
1721905200000,64141.90,64274.90,64073.00,64082.60,4703.530,1721908799999,301892832.10430,69505,2148.987,137937485.48140,0
1721908800000,64082.60,64391.70,63900.00,64110.30,11827.172,1721912399999,758246988.96670,138172,6461.722,414277184.11490,0
1721912400000,64110.30,64342.20,63710.00,64034.00,15924.043,1721915999999,1019444181.02860,180838,7212.830,461894923.81750,0
1721916000000,64034.00,64829.80,63456.70,64805.10,42716.133,1721919599999,2738277893.78430,403065,21187.228,1359381473.80960,0
1721919600000,64805.00,64993.60,64510.00,64773.30,15400.316,1721923199999,997091810.48290,204753,7581.383,490893336.64120,0
1721923200000,64773.30,65149.90,64605.80,64852.90,12535.984,1721926799999,813636717.56670,167741,6489.121,421255893.27060,0
1721926800000,64853.00,65062.60,64738.30,65028.90,7902.957,1721930399999,512902493.13120,110643,3992.809,259178759.62700,0
1721930400000,65028.80,65170.00,64357.50,64549.30,13257.803,1721933999999,858941197.22540,161718,5661.983,366896441.06430,0
1721934000000,64549.20,64989.10,64373.20,64669.50,9552.894,1721937599999,618225187.15170,146973,5179.216,335148563.28590,0
1721937600000,64669.50,65288.00,64390.80,65274.90,10288.010,1721941199999,666726223.39480,144003,5323.737,345224004.35400,0
1721941200000,65275.70,65998.80,65191.50,65815.00,18849.004,1721944799999,1236206304.14640,208572,10606.970,695771735.31910,0
1721944800000,65815.00,66144.00,65609.80,65614.60,9081.066,1721948399999,598153791.77440,119043,4352.854,286798765.76540,0
1721948400000,65614.60,65799.50,65603.60,65773.00,4754.520,1721951999999,312331637.43090,63967,2885.133,189536182.60220,0
1721952000000,65773.00,66437.50,65688.20,66358.40,11017.501,1721955599999,727918190.67300,149764,5932.776,392057496.70990,0
1721955600000,66358.40,66533.00,66191.80,66402.10,9353.708,1721959199999,620765121.59970,124816,4595.377,305003236.99640,0
1721959200000,66402.10,67189.90,66362.20,66976.40,17318.958,1721962799999,1156901598.38240,202245,8985.404,600308930.27660,0
1721962800000,66976.40,67470.40,66894.00,67014.00,16631.876,1721966399999,1117217950.35760,182848,8064.686,541778547.28790,0
1721966400000,67014.00,67088.50,66861.20,67045.40,9053.769,1721969999999,606235516.26350,93412,4472.037,299451370.46710,0
1721970000000,67045.40,67082.50,66839.50,66899.90,4901.010,1721973599999,328008904.05990,67194,2205.706,147629130.59270,0
1721973600000,66899.90,67136.80,66849.90,67041.90,5547.702,1721977199999,371756493.83660,73040,3210.061,215107404.88990,0
1721977200000,67041.90,67168.20,66865.80,66873.80,7878.603,1721980799999,527753029.43810,84562,3732.355,250041060.96240,0
1721980800000,66873.70,67115.00,66873.70,67076.30,4590.990,1721984399999,307691464.27720,55546,2570.901,172285564.72680,0
1721984400000,67076.30,67466.00,67056.60,67256.60,9147.737,1721987999999,615451179.66070,103506,4700.339,316217432.71450,0
1721988000000,67256.70,67380.50,67126.00,67270.30,6625.734,1721991599999,445716519.17680,75290,3020.346,203191584.38600,0
1721991600000,67270.40,67341.50,67115.00,67293.90,4672.259,1721995199999,314064233.58670,55452,2205.764,148284535.51800,0
1721995200000,67293.90,67374.90,67050.40,67282.10,7241.794,1721998799999,486670486.02420,87183,3326.126,223557537.68380,0
1721998800000,67282.20,67954.90,67139.00,67862.70,22824.383,1722002399999,1542459705.11020,253177,12549.143,848278244.06940,0
1722002400000,67862.70,67982.40,66865.70,67290.70,27557.549,1722005999999,1856409013.78920,303759,12999.554,875446869.38240,0
1722006000000,67290.50,67736.50,67247.20,67528.00,11809.450,1722009599999,797390386.53540,147088,6184.842,417623197.83870,0
1722009600000,67527.90,67656.50,67319.00,67367.70,6011.354,1722013199999,405818474.40650,90359,2491.692,168257742.70900,0
1722013200000,67367.60,67576.60,67277.00,67340.30,6158.612,1722016799999,414955772.52720,80860,3177.379,214124516.62570,0
1722016800000,67340.40,67575.20,67306.30,67541.80,5166.987,1722020399999,348574015.29850,70947,2878.978,194221988.40520,0
1722020400000,67541.70,68143.00,67511.30,67957.20,12820.752,1722023999999,869956208.00180,154166,6769.709,459418538.26810,0
1722024000000,67957.20,67966.90,67365.00,67402.70,10252.407,1722027599999,693164785.88600,113571,3881.311,262458381.29310,0
1722027600000,67402.70,68200.00,67395.00,67917.10,11059.394,1722031199999,750762101.79280,120796,6388.825,433669833.15800,0
1722031200000,67917.10,68055.60,67822.80,67898.40,4692.831,1722034799999,318742155.80830,61933,2382.961,161851733.42280,0
1722034800000,67899.80,67956.20,67810.30,67882.50,3049.166,1722038399999,206962838.47260,38778,1755.406,119153330.86420,0
1722038400000,67882.50,67923.00,67768.20,67847.10,3527.022,1722041999999,239268519.00030,46223,1549.340,105104428.08790,0
1722042000000,67847.10,67847.70,67588.30,67634.50,3353.672,1722045599999,227101089.45300,46388,1178.477,79810353.42910,0
1722045600000,67634.40,68052.90,67628.20,67995.90,4075.868,1722049199999,276496180.33100,54072,2550.623,173018712.33320,0
1722049200000,67995.80,68055.60,67740.00,67766.20,4225.880,1722052799999,286694190.93290,55937,1966.207,133391394.85860,0
1722052800000,67766.20,67877.40,67752.10,67839.10,1872.983,1722056399999,127005302.12880,25361,1053.169,71416895.88990,0
1722056400000,67839.10,67974.20,67836.80,67860.90,2682.210,1722059999999,182147194.03600,32258,1208.303,82055734.16350,0
1722060000000,67860.90,68055.60,67857.10,68055.60,3043.671,1722063599999,206890166.40480,36418,1862.635,126621940.08180,0
1722063600000,68055.50,68278.80,68004.30,68013.60,10115.545,1722067199999,689366518.69930,101853,5507.005,375333601.96310,0
1722067200000,68013.50,68149.60,67864.80,67962.20,4248.926,1722070799999,288862661.87940,55487,2101.070,142844581.75200,0
1722070800000,67962.10,68199.00,67918.60,68193.50,3428.955,1722074399999,233456446.31410,46021,1794.182,122147307.71990,0
1722074400000,68193.50,68244.60,68050.00,68125.20,3625.864,1722077999999,247091272.94680,45382,1525.070,103940222.52850,0
1722078000000,68125.30,68194.90,67975.20,68184.70,3248.486,1722081599999,221187034.42890,42814,1582.850,107797127.55310,0
1722081600000,68184.70,68450.00,68162.90,68371.00,9458.665,1722085199999,646483267.49840,111022,4850.383,331509999.72540,0
1722085200000,68371.00,69366.00,68364.00,69205.90,29667.234,1722088799999,2044276206.30890,306337,16626.336,1145459824.95980,0
1722088800000,69205.90,69381.70,68760.80,68952.50,16510.252,1722092399999,1139671631.42080,180383,7594.819,524295724.43280,0
1722092400000,68952.40,69059.40,68549.30,68822.00,13494.136,1722095999999,928101017.92460,155335,6688.716,460085543.70280,0
1722096000000,68821.90,68960.40,68614.00,68662.10,9038.340,1722099599999,621887750.04280,103633,4844.466,333385993.70430,0
1722099600000,68662.20,68738.20,68400.40,68514.50,10271.789,1722103199999,703991327.98860,124039,5131.529,351733205.65730,0
1722103200000,68514.40,68976.40,68470.00,68511.40,11707.485,1722106799999,804662723.73930,129370,5558.218,382049210.69790,0
1722106800000,68511.40,68600.00,67538.40,68209.20,30380.106,1722110399999,2071185107.53070,322776,14096.857,961171705.71420,0
1722110400000,68209.30,68455.40,66624.50,67758.80,101322.789,1722113999999,6841040112.21620,1033236,50922.151,3439299102.66020,0
1722114000000,67758.70,69200.00,67559.00,68828.70,33559.614,1722117599999,2300435316.01400,391729,19034.297,1305138750.01860,0
1722117600000,68828.80,68830.80,68517.70,68599.90,6782.231,1722121199999,465658213.05100,82765,3300.520,226618980.26450,0
1722121200000,68600.00,68600.00,67744.20,67873.80,11340.924,1722124799999,772731365.13800,126387,4825.836,328832866.68630,0
1722124800000,67873.70,68057.90,67222.70,67929.40,12552.348,1722128399999,849870951.24090,163287,6474.906,438430508.25470,0
1722128400000,67929.40,68246.60,67880.00,68050.00,4546.404,1722131999999,309539113.66850,63787,2490.155,169557348.37380,0
1722132000000,68050.00,68127.70,67934.40,68117.10,2922.690,1722135599999,198842535.85110,40134,1276.935,86889177.56790,0
1722135600000,68117.10,68123.20,67910.90,67910.90,2231.681,1722139199999,151785879.82260,33484,880.687,59907693.56030,0
1722139200000,67910.90,68003.50,67300.00,67315.30,6968.386,1722142799999,471608348.82640,80021,2718.233,184027137.79730,0
1722142800000,67315.20,67472.30,67037.00,67396.50,10415.721,1722146399999,700527764.70780,123181,5566.569,374404241.51640,0
1722146400000,67396.40,67559.70,67350.10,67459.90,4359.373,1722149999999,294063449.06720,55625,2282.350,153977735.33580,0
1722150000000,67459.80,67522.00,67277.70,67517.70,3406.362,1722153599999,229548045.57890,44514,1905.625,128429051.75860,0
1722153600000,67517.60,67528.30,67178.90,67355.70,3386.762,1722157199999,228120373.96810,46410,1584.825,106761632.36830,0
1722157200000,67355.70,67533.00,67293.90,67407.90,3697.764,1722160799999,249335840.91220,51436,1976.423,133274783.18450,0
1722160800000,67407.80,67655.00,67361.70,67530.20,4450.382,1722164399999,300709186.03510,55808,2215.029,149674191.13470,0
1722164400000,67530.20,67969.10,67525.30,67800.00,7455.908,1722167999999,505289250.41940,83323,4090.221,277179568.06150,0
1722168000000,67800.10,68093.40,67709.50,67961.40,6306.303,1722171599999,428286195.01790,80895,3236.000,219779614.73470,0
1722171600000,67961.50,68011.90,67824.50,67950.20,3978.311,1722175199999,270230870.09910,55280,1673.069,113650690.24420,0
1722175200000,67950.20,67995.60,67611.30,67712.20,7596.227,1722178799999,514912689.37390,90842,3393.975,230103251.31760,0
1722178800000,67712.20,67758.70,67527.40,67624.30,3816.352,1722182399999,258172562.85530,57569,1687.905,114201917.00760,0
1722182400000,67624.20,67736.80,67588.40,67646.20,2422.088,1722185999999,163871762.32980,37547,1321.230,89401854.01920,0
1722186000000,67646.10,67960.00,67646.10,67950.60,3554.578,1722189599999,241084686.52940,48467,2036.677,138145270.58370,0
1722189600000,67950.60,68300.00,67900.00,68206.70,6614.840,1722193199999,450681353.07440,89041,3457.766,235561362.58190,0
1722193200000,68206.60,68274.60,68053.50,68090.00,2950.553,1722196799999,201141272.56810,45652,1368.971,93339859.78250,0
1722196800000,68090.00,68144.20,67924.00,67985.90,2335.810,1722200399999,158896958.14740,35786,1039.058,70686875.91670,0
1722200400000,67986.00,68052.70,67771.60,68000.00,3326.587,1722203999999,225930197.38080,46466,1405.039,95439140.28740,0
1722204000000,68000.00,68230.00,67910.40,67977.10,4585.006,1722207599999,312045547.26200,70065,2326.872,158379051.89840,0
1722207600000,67977.10,68254.70,67920.50,68215.50,3033.499,1722211199999,206629023.24670,43888,1488.692,101404875.71270,0
1722211200000,68215.50,69100.00,68130.10,68687.50,17359.552,1722214799999,1192826794.85890,214196,9100.665,625340207.97540,0
1722214800000,68687.40,68800.00,68299.10,68509.40,8503.160,1722218399999,583144668.99770,111563,4055.499,278182830.35170,0
1722218400000,68509.40,69669.00,68500.00,69527.20,25051.966,1722221999999,1735512046.74180,258951,14261.126,987622560.42690,0
1722222000000,69527.10,69782.20,69273.90,69323.10,13541.874,1722225599999,941189084.87510,152869,6870.790,477672907.38950,0
1722225600000,69323.10,69441.00,69240.00,69349.10,5361.994,1722229199999,371715556.95600,77561,2870.766,199032034.16200,0
1722229200000,69349.00,69776.60,69349.00,69626.80,8558.609,1722232799999,595597083.84370,107030,5111.527,355753283.66120,0
1722232800000,69626.80,69872.60,69510.00,69553.10,9055.165,1722236399999,631002606.85620,120259,4382.732,305459723.70410,0
1722236400000,69553.00,69580.00,69412.20,69510.60,5464.793,1722239999999,379762675.91240,79056,2508.611,174342024.82840,0
1722240000000,69510.50,69680.70,69345.00,69436.00,6076.411,1722243599999,422394454.72040,74128,2891.582,201029557.96390,0
1722243600000,69436.00,69604.80,69403.90,69503.30,3868.268,1722247199999,268823194.00410,52646,2010.921,139754562.66980,0
1722247200000,69503.30,69729.40,69362.90,69594.10,6203.136,1722250799999,431574514.11800,72873,3622.982,252113754.31710,0
1722250800000,69594.10,69841.20,69549.80,69549.90,7126.569,1722254399999,496783110.18010,88725,3682.222,256725398.70930,0
1722254400000,69549.80,69950.00,69373.40,69776.00,15379.521,1722257999999,1071593325.37300,164258,8100.785,564652296.53050,0
1722258000000,69776.00,70081.00,69051.40,69249.80,34846.574,1722261599999,2422787534.96240,367553,17144.388,1192508871.62460,0
1722261600000,69249.90,69284.80,68034.00,68200.10,41137.246,1722265199999,2824078446.35280,397198,17741.383,1217982768.80010,0
1722265200000,68200.00,68278.30,67650.00,68067.20,30882.922,1722268799999,2098171500.93230,335753,15725.755,1068550789.18920,0
1722268800000,68067.30,68093.10,66747.10,66921.00,43509.344,1722272399999,2926574579.06440,417083,18671.868,1255636747.91240,0
1722272400000,66920.90,67140.00,66365.80,66980.80,33636.740,1722275999999,2247926279.14690,344575,15837.328,1058790477.48880,0
1722276000000,66980.70,67541.10,66899.20,67389.70,18913.050,1722279599999,1272674482.13780,198808,10782.694,725620481.25820,0
1722279600000,67389.80,67544.90,67209.60,67276.60,6824.655,1722283199999,459747486.55330,89919,3218.524,216837285.41790,0
1722283200000,67276.70,67372.70,67125.00,67348.40,4550.724,1722286799999,306025343.07200,63250,2210.167,148641502.09370,0
1722286800000,67348.40,67484.60,67000.00,67459.90,6348.223,1722290399999,426698745.50070,78201,3120.137,209778708.48620,0
1722290400000,67460.00,67521.00,67100.00,67195.30,4703.555,1722293999999,316647428.96630,62172,2274.078,153072436.79320,0
1722294000000,67195.30,67241.60,66547.10,66750.00,15633.767,1722297599999,1045418258.17910,164034,6875.805,459793078.56460,0
1722297600000,66750.10,66837.90,65820.00,66572.00,24355.475,1722301199999,1613869944.24250,270979,11234.164,744612566.00540,0
1722301200000,66571.90,66865.30,66022.80,66176.50,13221.982,1722304799999,878864479.26040,151108,6648.189,442032032.15680,0
1722304800000,66176.50,66441.70,65910.60,66396.60,10667.095,1722308399999,706134655.32890,136967,5572.774,368960845.24230,0
1722308400000,66396.60,66658.90,66350.00,66585.60,5743.726,1722311999999,382085097.33310,77370,3056.323,203322260.92440,0
1722312000000,66585.70,66790.40,66502.50,66778.20,4317.804,1722315599999,287779458.52720,57867,2321.744,154767437.40250,0
1722315600000,66778.20,66778.30,66288.00,66455.90,7810.524,1722319199999,519394987.36750,84609,3453.558,229686874.66100,0
1722319200000,66455.90,66748.40,66432.80,66733.20,4165.184,1722322799999,277453887.50640,53471,2478.028,165074456.04720,0
1722322800000,66733.20,66966.60,66733.10,66914.00,7459.885,1722326399999,498849544.74620,87413,3875.497,259161691.45900,0
1722326400000,66914.00,66956.60,66683.40,66740.00,6032.575,1722329999999,403111907.48830,67200,2713.485,181332303.80350,0
1722330000000,66739.90,66869.00,66404.10,66580.00,7093.283,1722333599999,472887069.71740,77446,3099.206,206648238.51100,0
1722333600000,66580.10,66662.50,66358.90,66545.70,6928.566,1722337199999,460801568.69630,79625,3469.054,230741695.74460,0
1722337200000,66545.70,66682.80,66452.50,66532.50,3393.470,1722340799999,225902630.42650,50412,1617.580,107688349.72000,0
1722340800000,66532.60,66797.00,66200.00,66635.40,11610.528,1722344399999,772373181.03790,128555,5749.220,382553084.21260,0
1722344400000,66635.40,66923.80,66302.70,66357.30,10617.830,1722347999999,707000379.26140,134816,5044.674,336016160.19910,0
1722348000000,66357.30,66426.30,65600.00,65779.40,23581.410,1722351599999,1558024957.98470,251925,10784.362,712781724.19550,0
1722351600000,65779.30,66320.40,65500.00,66198.00,20218.770,1722355199999,1333108801.25400,213623,10634.909,701289743.21960,0
1722355200000,66198.00,66526.10,66120.00,66150.20,8097.586,1722358799999,536999236.54680,99201,3781.739,250825573.06350,0
1722358800000,66150.20,66190.00,65656.00,65839.80,15950.058,1722362399999,1051159721.58970,172409,7774.261,512336432.69930,0
1722362400000,65839.80,66058.60,65549.10,65800.20,12904.572,1722365999999,848848494.31290,143892,6420.544,422367819.47830,0
1722366000000,65800.10,65993.30,65501.10,65899.40,10796.593,1722369599999,709976917.92870,139648,5552.022,365148759.93820,0
1722369600000,65900.00,66195.00,65254.50,66155.30,20347.512,1722373199999,1338209533.69030,214635,9153.221,602226118.46710,0
1722373200000,66155.20,66276.30,65905.00,66265.00,4409.070,1722376799999,291391600.11570,59748,2162.951,143000138.85260,0
1722376800000,66264.90,66319.00,66040.20,66192.00,4096.995,1722380399999,271216626.16930,60136,1859.634,123128943.09640,0
1722380400000,66191.90,66279.90,66093.40,66159.30,2730.551,1722383999999,180698978.90080,37421,1145.394,75804920.81570,0
1722384000000,66159.30,66380.00,65825.90,66313.90,7285.744,1722387599999,481633324.99150,95934,3725.649,246319578.45720,0
1722387600000,66314.00,66373.40,66066.00,66269.10,4355.040,1722391199999,288473239.51080,60398,1824.368,120844760.14250,0
1722391200000,66269.10,66380.00,66036.00,66084.40,4559.390,1722394799999,301728321.36140,59059,2324.745,153862260.77490,0
1722394800000,66084.50,66203.20,66006.30,66028.90,3778.385,1722398399999,249730453.72100,46496,2153.816,142365251.09980,0
1722398400000,66028.10,66073.30,65459.40,65774.10,12128.912,1722401999999,797182182.26070,121265,5633.613,370235232.86440,0
1722402000000,65774.10,66198.70,65550.00,66154.20,9543.399,1722405599999,628574740.19880,101673,5266.169,346870107.90260,0
1722405600000,66153.90,66540.80,66088.50,66425.40,13269.790,1722409199999,880383599.99470,128231,7045.611,467405066.94610,0
1722409200000,66425.50,66499.70,66185.30,66196.40,5943.893,1722412799999,394267914.25030,66682,2715.886,180162006.13340,0
1722412800000,66196.40,66348.00,66010.00,66285.10,6148.489,1722416399999,406981619.96110,67927,3343.701,221360405.06970,0
1722416400000,66285.20,66360.40,66127.00,66230.00,3468.470,1722419999999,229823078.91930,45170,1942.694,128742872.53980,0
1722420000000,66230.00,66230.10,65906.70,65960.20,6342.838,1722423599999,418997785.45810,65287,2414.266,159472298.91590,0
1722423600000,65960.20,66120.00,65930.00,66062.60,3194.178,1722427199999,210970843.86830,47752,1753.525,115823581.94500,0
1722427200000,66062.70,66270.00,65954.30,66128.80,6206.567,1722430799999,410381338.32640,76452,3467.644,229308001.89810,0
1722430800000,66128.80,66826.30,66102.10,66484.50,16128.854,1722434399999,1073297154.56560,174704,7942.400,528486699.19410,0
1722434400000,66484.60,66706.20,65939.70,66409.90,18364.358,1722437999999,1217956619.53710,192651,9183.290,609141856.56210,0
1722438000000,66410.00,66531.30,66289.40,66354.50,5571.175,1722441599999,369970926.11050,86325,2600.544,172705254.48480,0
1722441600000,66354.40,66745.80,66260.00,66334.30,9282.251,1722445199999,617121770.02900,109438,4889.271,325085723.22860,0
1722445200000,66334.30,66820.00,66267.40,66656.10,9811.358,1722448799999,653487435.31590,120573,4966.573,330814090.78640,0
1722448800000,66656.10,66710.30,66107.40,66498.50,17883.749,1722452399999,1187475749.68910,216059,8437.886,560271701.98830,0
1722452400000,66498.50,66620.00,64894.00,65229.80,34096.556,1722455999999,2236191229.06140,356177,15270.617,1001646216.97790,0
1722456000000,65228.10,65399.00,64504.50,64577.40,23917.254,1722459599999,1550918159.33830,289098,11454.580,743038404.04070,0
1722459600000,64577.40,65121.80,64500.40,64950.00,14476.457,1722463199999,938333224.99180,172377,7273.086,471423816.16810,0
1722463200000,64950.10,65029.50,64600.00,64943.40,5652.231,1722466799999,366400092.05320,87209,2827.751,183320008.67700,0
1722466800000,64943.30,64968.10,64600.00,64601.80,4980.108,1722470399999,322304201.90170,67995,2312.582,149670413.61630,0
